tag_id,timestamp,synchronized_clock,offset,update_type,coords_pos_x,ekf_pos_x,coords_pos_y,ekf_pos_y,ekf_pos_z,coords_pos_z,raw_yaw,ekf_yaw,ekf_covariance_matrix,slots,two_hop_neighbors
27248,1777818600.1684408,1984.474393997516,0,1,514.0,514.0,605.0,605.0,99.0,99.0,360.0,360.0,3.9958554923807737e+40,"[-1, -1, 2, -1, 4, 5, 6, 7, 8, -1, 10, 11, -1, 13, 14, 15, 16, 17, -1, -1, 20, 21, 22, -1, 24, 25, 26, 27, 28, 29, -1, -1, -1, 33, -1, 35, 36, 37, -1, -1]",{}
27248,1777818600.2496672,2067.7615429967773,0,1,582.0,581.999884053909,591.0,591.000023871254,149.99991304043175,150.0,360.0,360.0,1.1472308288798744e+16,"[-1, -1, 2, -1, 4, 5, 6, 7, 8, -1, 10, 11, -1, 13, 14, 15, 16, 17, -1, -1, 20, 21, 22, -1, 24, 25, 26, 27, 28, 29, -1, -1, -1, 33, -1, 35, 36, 37, -1, -1]",{}
27248,1777818600.347921,2164.9548999976105,0,1,528.0,546.4942493778804,605.0,600.8011292346692,119.48148674455685,105.0,360.0,360.0,6282431385129.253,"[-1, -1, 2, -1, 4, 5, 6, 7, 8, -1, 10, 11, -1, 13, 14, 15, 16, 17, -1, -1, 20, 21, 22, -1, 24, 25, 26, 27, 28, 29, -1, -1, -1, 33, -1, 35, 36, 37, -1, -1]",{}
27248,1777818600.429024,2245.8039659977658,0,1,545.0,546.8888554093526,622.0,615.5254091190046,123.01042161654226,124.0,360.0,360.0,92321204886.39227,"[-1, -1, 2, -1, 4, 5, 6, 7, 8, -1, 10, 11, -1, 13, 14, 15, 16, 17, -1, -1, 20, 21, 22, -1, 24, 25, 26, 27, 28, 29, -1, -1, -1, 33, -1, 35, 36, 37, -1, -1]",{}
27248,1777818600.5771768,2393.666686997676,0,1,554.0,553.4573407382077,589.0,600.4866278223984,111.7315745819915,105.0,360.0,360.0,1745675873.6728156,"[-1, -1, 2, -1, 4, 5, 6, 7, 8, -1, 10, 11, -1, 13, 14, 15, 16, 17, -1, -1, 20, 21, 22, -1, 24, 25, 26, 27, 28, 29, -1, -1, -1, 33, -1, 35, 36, 37, -1, -1]",{}
27248,1777818600.6333768,2458.3412769979986,0,1,542.0,548.916848315319,612.0,605.9506765936001,123.63293219124651,137.0,360.0,360.0,153186780.7973644,"[-1, -1, 2, -1, 4, 5, 6, 7, 8, -1, 10, 11, -1, 13, 14, 15, 16, 17, -1, -1, 20, 21, 22, -1, 24, 25, 26, 27, 28, 29, -1, -1, -1, 33, -1, 35, 36, 37, -1, -1]",{}
27248,1777818600.69901,2514.542930997777,0,1,527.0,540.5848629567009,590.0,599.6350712636049,119.80658447234113,113.0,360.0,360.0,26739987.781968467,"[-1, -1, 2, -1, 4, 5, 6, 7, 8, -1, 10, 11, -1, 13, 14, 15, 16, 17, -1, -1, 20, 21, 22, -1, 24, 25, 26, 27, 28, 29, -1, -1, -1, 33, -1, 35, 36, 37, -1, -1]",{}
27248,1777818600.798014,2613.580724996609,0,1,598.0,563.5652550168754,555.0,581.0538772340705,141.10631081852696,172.0,360.0,360.0,6091771.931896475,"[-1, -1, 2, -1, 4, 5, 6, 7, 8, -1, 10, 11, -1, 13, 14, 15, 16, 17, -1, -1, 20, 21, 22, -1, 24, 25, 26, 27, 28, 29, -1, -1, -1, 33, -1, 35, 36, 37, -1, -1]",{}
27248,1777818600.8972368,2712.6218189978317,0,1,538.0,556.6764552158584,588.0,580.7811891083262,132.21993881085845,110.0,360.0,360.0,1523800.0166315124,"[-1, -1, 2, -1, 4, 5, 6, 7, 8, -1, 10, 11, -1, 13, 14, 15, 16, 17, -1, -1, 20, 21, 22, -1, 24, 25, 26, 27, 28, 29, -1, -1, -1, 33, -1, 35, 36, 37, -1, -1]",{}
27248,1777818600.978601,2795.0931069972285,0,1,515.0,543.6750754271816,599.0,584.9540188646098,115.81731460322845,81.0,360.0,360.0,438983.8862007405,"[-1, -1, 2, -1, 4, 5, 6, 7, 8, -1, 10, 11, -1, 13, 14, 15, 16, 17, -1, -1, 20, 21, 22, -1, 24, 25, 26, 27, 28, 29, -1, -1, -1, 33, -1, 35, 36, 37, -1, -1]",{}
27248,1777818601.1187334,2943.3054159972016,0,1,600.0,563.7467235139577,561.0,573.9951226655944,132.99098406200548,166.0,360.0,360.0,164760.5209093584,"[-1, -1, 2, -1, 4, 5, 6, 7, 8, -1, 10, 11, -1, 13, 14, 15, 16, 17, -1, -1, 20, 21, 22, -1, 24, 25, 26, 27, 28, 29, -1, -1, -1, 33, -1, 35, 36, 37, -1, -1]",{}
27248,1777818601.191362,3016.549794999264,0,1,497.0,544.5365698111506,608.0,582.6541039073302,128.65852985565434,116.0,360.0,360.0,53268.046049553675,"[-1, -1, 2, -1, 4, 5, 6, 7, 8, -1, 10, 11, -1, 13, 14, 15, 16, 17, -1, -1, 20, 21, 22, -1, 24, 25, 26, 27, 28, 29, -1, -1, -1, 33, -1, 35, 36, 37, -1, -1]",{}
27248,1777818601.2713912,3089.1801629995825,0,1,534.0,541.551121377214,594.0,584.6039901481904,121.20787660182057,100.0,360.0,360.0,22832.753241238737,"[-1, -1, 2, -1, 4, 5, 6, 7, 8, -1, 10, 11, -1, 13, 14, 15, 16, 17, -1, -1, 20, 21, 22, -1, 24, 25, 26, 27, 28, 29, -1, -1, -1, 33, -1, 35, 36, 37, -1, -1]",{}
27248,1777818601.3513503,3169.2027219996817,0,1,557.0,545.3272759828171,599.0,587.3498358065444,125.06183152843907,136.0,360.0,360.0,11106.157404507365,"[-1, -1, 2, -1, 4, 5, 6, 7, 8, -1, 10, 11, -1, 13, 14, 15, 16, 17, -1, -1, 20, 21, 22, -1, 24, 25, 26, 27, 28, 29, -1, -1, -1, 33, -1, 35, 36, 37, -1, -1]",{}
27248,1777818601.415802,3232.4570330001734,0,1,503.0,535.3637917889794,598.0,589.2748875327234,116.53431798592132,88.0,360.0,360.0,5532.677891027701,"[-1, -1, 2, -1, 4, 5, 6, 7, 8, -1, 10, 11, -1, 13, 14, 15, 16, 17, -1, -1, 20, 21, 22, -1, 24, 25, 26, 27, 28, 29, -1, -1, -1, 33, -1, 35, 36, 37, -1, -1]",{}
27248,1777818601.495384,3313.7490019989855,0,1,523.0,531.9265960114783,604.0,592.0374726460693,113.38209746209316,104.0,360.0,360.0,3360.380032823506,"[-1, -1, 2, -1, 4, 5, 6, 7, 8, -1, 10, 11, -1, 13, 14, 15, 16, 17, -1, -1, 20, 21, 22, -1, 24, 25, 26, 27, 28, 29, -1, -1, -1, 33, -1, 35, 36, 37, -1, -1]",{}
27248,1777818601.5751967,3393.2078819998424,0,1,546.0,534.1203197371367,605.0,594.5038864194114,116.6589796478605,131.0,360.0,360.0,2104.529460068337,"[-1, -1, 2, -1, 4, 5, 6, 7, 8, -1, 10, 11, -1, 13, 14, 15, 16, 17, -1, -1, 20, 21, 22, -1, 24, 25, 26, 27, 28, 29, -1, -1, -1, 33, -1, 35, 36, 37, -1, -1]",{}
27248,1777818601.639046,3456.2921949991505,0,1,549.0,536.5967351267584,631.0,601.7221761586358,123.3419896785129,151.0,360.0,360.0,1254.8626534669454,"[-1, -1, 2, -1, 4, 5, 6, 7, 8, -1, 10, 11, -1, 13, 14, 15, 16, 17, -1, -1, 20, 21, 22, -1, 24, 25, 26, 27, 28, 29, -1, -1, -1, 33, -1, 35, 36, 37, -1, -1]",{}
27248,1777818601.703877,3520.133516999522,0,1,552.0,539.1529887557878,585.0,598.803836609462,127.5869327104839,145.0,360.0,360.0,822.5999578545801,"[-1, -1, 2, -1, 4, 5, 6, 7, 8, -1, 10, 11, -1, 13, 14, 15, 16, 17, -1, -1, 20, 21, 22, -1, 24, 25, 26, 27, 28, 29, -1, -1, -1, 33, -1, 35, 36, 37, -1, -1]",{}
27248,1777818601.7699966,3584.96280899908,0,1,526.0,536.539804224059,621.0,602.9309067696029,124.92138782056676,111.0,360.0,360.0,573.9636992003041,"[-1, -1, 2, -1, 4, 5, 6, 7, 8, -1, 10, 11, -1, 13, 14, 15, 16, 17, -1, -1, 20, 21, 22, -1, 24, 25, 26, 27, 28, 29, -1, -1, -1, 33, -1, 35, 36, 37, -1, -1]",{}
27248,1777818601.9009974,3717.9395059947637,0,1,553.0,539.0885652530218,604.0,603.7180707478918,123.74865860776256,117.0,360.0,360.0,602.6744439271249,"[-1, -1, 2, -1, 4, 5, 6, 7, 8, -1, 10, 11, -1, 13, 14, 15, 16, 17, -1, -1, 20, 21, 22, -1, 24, 25, 26, 27, 28, 29, -1, -1, -1, 33, -1, 35, 36, 37, -1, -1]",{}
27248,1777818601.9651217,3782.041269993897,0,1,516.0,534.6831059800828,616.0,606.255073513283,116.04328982196269,81.0,360.0,360.0,366.3001047418481,"[-1, -1, 2, -1, 4, 5, 6, 7, 8, -1, 10, 11, -1, 13, 14, 15, 16, 17, -1, -1, 20, 21, 22, -1, 24, 25, 26, 27, 28, 29, -1, -1, -1, 33, -1, 35, 36, 37, -1, -1]",{}
27248,1777818602.1883366,4013.189938992582,0,1,489.0,523.3805333664393,632.0,613.222853988933,119.28726886764022,134.0,360.0,360.0,578.9353349462327,"[-1, -1, 2, -1, 4, 5, 6, 7, 8, -1, 10, 11, -1, 13, 14, 15, 16, 17, -1, -1, 20, 21, 22, -1, 24, 25, 26, 27, 28, 29, -1, -1, -1, 33, -1, 35, 36, 37, -1, -1]",{}
27248,1777818602.2531354,4069.3406119926294,0,1,493.0,516.5943687712972,618.0,614.755374153908,111.78321548851305,82.0,360.0,360.0,295.21798698033655,"[-1, -1, 2, -1, 4, 5, 6, 7, 8, -1, 10, 11, -1, 13, 14, 15, 16, 17, -1, -1, 20, 21, 22, -1, 24, 25, 26, 27, 28, 29, -1, -1, -1, 33, -1, 35, 36, 37, -1, -1]",{}
27248,1777818602.3180256,4134.128293992944,0,1,512.0,514.7947163989842,611.0,614.6865779817782,111.85270144866662,114.0,360.0,360.0,189.2781290838419,"[-1, -1, 2, -1, 4, 5, 6, 7, 8, -1, 10, 11, -1, 13, 14, 15, 16, 17, -1, -1, 20, 21, 22, -1, 24, 25, 26, 27, 28, 29, -1, -1, -1, 33, -1, 35, 36, 37, -1, -1]",{}
27248,1777818602.3987591,4215.7320359929145,0,1,591.0,526.963149898609,580.0,609.331371702496,120.09049660431555,161.0,360.0,360.0,150.95898091400414,"[-1, -1, 2, -1, 4, 5, 6, 7, 8, -1, 10, 11, -1, 13, 14, 15, 16, 17, -1, -1, 20, 21, 22, -1, 24, 25, 26, 27, 28, 29, -1, -1, -1, 33, -1, 35, 36, 37, -1, -1]",{}
27248,1777818602.4950967,4313.151851994007,0,1,565.0,532.7990723326815,610.0,610.0073025604487,123.86260368767873,142.0,360.0,360.0,135.14425905282727,"[-1, -1, 2, -1, 4, 5, 6, 7, 8, -1, 10, 11, -1, 13, 14, 15, 16, 17, -1, -1, 20, 21, 22, -1, 24, 25, 26, 27, 28, 29, -1, -1, -1, 33, -1, 35, 36, 37, -1, -1]",{}
27248,1777818602.5754728,4392.8070809924975,0,1,506.0,527.9858846788007,622.0,612.4779685037739,117.02520722736344,82.0,360.0,360.0,106.53889244338424,"[-1, -1, 2, -1, 4, 5, 6, 7, 8, -1, 10, 11, -1, 13, 14, 15, 16, 17, -1, -1, 20, 21, 22, -1, 24, 25, 26, 27, 28, 29, -1, -1, -1, 33, -1, 35, 36, 37, -1, -1]",{}
27248,1777818602.6347284,4456.456627992338,0,1,514.0,525.4035584681,691.0,625.176411130729,128.96013505035071,194.0,360.0,360.0,75.94504381456096,"[-1, -1, 2, -1, 4, 5, 6, 7, 8, -1, 10, 11, -1, 13, 14, 15, 16, 17, -1, -1, 20, 21, 22, -1, 24, 25, 26, 27, 28, 29, -1, -1, -1, 33, -1, 35, 36, 37, -1, -1]",{}
27248,1777818602.699227,4515.708448991973,0,1,558.0,529.7768754141288,592.0,621.0729005761381,131.04359264772532,141.0,360.0,360.0,61.57806568232235,"[-1, -1, 2, -1, 4, 5, 6, 7, 8, -1, 10, 11, -1, 13, 14, 15, 16, 17, -1, -1, 20, 21, 22, -1, 24, 25, 26, 27, 28, 29, -1, -1, -1, 33, -1, 35, 36, 37, -1, -1]",{}
27248,1777818602.7960505,4613.5978719921695,0,1,555.0,533.080384517968,594.0,618.0167377427871,133.2090379020748,142.0,360.0,360.0,65.24974586067235,"[-1, -1, 2, -1, 4, 5, 6, 7, 8, -1, 10, 11, -1, 13, 14, 15, 16, 17, -1, -1, 20, 21, 22, -1, 24, 25, 26, 27, 28, 29, -1, -1, -1, 33, -1, 35, 36, 37, -1, -1]",{}
27248,1777818602.8946195,4710.409399992386,0,1,543.0,534.2660360681122,619.0,619.0102926334262,131.02796862447303,115.0,360.0,360.0,64.5305538491901,"[-1, -1, 2, -1, 4, 5, 6, 7, 8, -1, 10, 11, -1, 13, 14, 15, 16, 17, -1, -1, 20, 21, 22, -1, 24, 25, 26, 27, 28, 29, -1, -1, -1, 33, -1, 35, 36, 37, -1, -1]",{}
27248,1777818602.974187,4792.272251992472,0,1,566.0,538.7913693192779,580.0,613.8805725737296,122.7507861230182,73.0,360.0,360.0,54.62371411440427,"[-1, -1, 2, -1, 4, 5, 6, 7, 8, -1, 10, 11, -1, 13, 14, 15, 16, 17, -1, -1, 20, 21, 22, -1, 24, 25, 26, 27, 28, 29, -1, -1, -1, 33, -1, 35, 36, 37, -1, -1]",{}
27248,1777818603.1226647,4938.6184569948455,0,1,536.0,538.3003897409069,595.0,611.6868935305421,114.17695597240663,69.0,360.0,360.0,75.27024970312402,"[-1, -1, 2, -1, 4, 5, 6, 7, 8, -1, 10, 11, -1, 13, 14, 15, 16, 17, -1, -1, 20, 21, 22, -1, 24, 25, 26, 27, 28, 29, -1, -1, -1, 33, -1, 35, 36, 37, -1, -1]",{}
27248,1777818603.2045472,5020.29875599419,0,1,543.0,538.991678103354,627.0,614.4173453291088,114.95430285294044,121.0,360.0,360.0,58.118326213024716,"[-1, -1, 2, -1, 4, 5, 6, 7, 8, -1, 10, 11, -1, 13, 14, 15, 16, 17, -1, -1, 20, 21, 22, -1, 24, 25, 26, 27, 28, 29, -1, -1, -1, 33, -1, 35, 36, 37, -1, -1]",{}
27248,1777818603.318666,5135.550343995419,0,1,545.0,539.9232755806675,566.0,607.3718670862829,115.57155292406111,121.0,360.0,360.0,61.28310231676455,"[-1, -1, 2, -1, 4, 5, 6, 7, 8, -1, 10, 11, -1, 13, 14, 15, 16, 17, -1, -1, 20, 21, 22, -1, 24, 25, 26, 27, 28, 29, -1, -1, -1, 33, -1, 35, 36, 37, -1, -1]",{}
27248,1777818603.3926961,5216.272543994819,0,1,494.0,532.9950905637576,681.0,618.6512365595905,128.91411110522486,205.0,360.0,360.0,47.54267472331885,"[-1, -1, 2, -1, 4, 5, 6, 7, 8, -1, 10, 11, -1, 13, 14, 15, 16, 17, -1, -1, 20, 21, 22, -1, 24, 25, 26, 27, 28, 29, -1, -1, -1, 33, -1, 35, 36, 37, -1, -1]",{}
27248,1777818603.4666796,5290.327339993382,0,1,358.0,507.2453416640342,849.0,652.7767666758034,148.73914525302618,263.0,360.0,360.0,40.278216844440536,"[-1, -1, 2, -1, 4, 5, 6, 7, 8, -1, 10, 11, -1, 13, 14, 15, 16, 17, -1, -1, 20, 21, 22, -1, 24, 25, 26, 27, 28, 29, -1, -1, -1, 33, -1, 35, 36, 37, -1, -1]",{}
27248,1777818603.5909727,5414.384029993926,0,1,426.0,493.2053980092654,749.0,670.0145185982731,161.324139939105,222.0,360.0,360.0,50.23519184289137,"[-1, -1, 2, -1, 4, 5, 6, 7, 8, -1, 10, 11, -1, 13, 14, 15, 16, 17, -1, -1, 20, 21, 22, -1, 24, 25, 26, 27, 28, 29, -1, -1, -1, 33, -1, 35, 36, 37, -1, -1]",{}
27248,1777818603.664879,5488.746079993689,0,1,502.0,493.08147402706584,575.0,658.17046106109,154.76338486145244,108.0,360.0,360.0,39.75601453774849,"[-1, -1, 2, -1, 4, 5, 6, 7, 8, -1, 10, 11, -1, 13, 14, 15, 16, 17, -1, -1, 20, 21, 22, -1, 24, 25, 26, 27, 28, 29, -1, -1, -1, 33, -1, 35, 36, 37, -1, -1]",{}
27248,1777818603.722632,5545.772242992825,0,1,580.0,504.0346559367716,624.0,654.690587697525,140.34512863575395,45.0,360.0,360.0,30.384519095105514,"[-1, -1, 2, -1, 4, 5, 6, 7, 8, -1, 10, 11, -1, 13, 14, 15, 16, 17, -1, -1, 20, 21, 22, -1, 24, 25, 26, 27, 28, 29, -1, -1, -1, 33, -1, 35, 36, 37, -1, -1]",{}
27248,1777818603.803294,5620.23749499258,0,1,571.0,512.1027357820769,599.0,648.6588735584627,138.52252968497373,123.0,360.0,360.0,30.259207285156585,"[-1, -1, 2, -1, 4, 5, 6, 7, 8, -1, 10, 11, -1, 13, 14, 15, 16, 17, -1, -1, 20, 21, 22, -1, 24, 25, 26, 27, 28, 29, -1, -1, -1, 33, -1, 35, 36, 37, -1, -1]",{}
27248,1777818603.868221,5684.178445992075,0,1,552.0,516.7612214778754,612.0,644.8703747041783,133.8046833492259,100.0,360.0,360.0,26.00868247080099,"[-1, -1, 2, -1, 4, 5, 6, 7, 8, -1, 10, 11, -1, 13, 14, 15, 16, 17, -1, -1, 20, 21, 22, -1, 24, 25, 26, 27, 28, 29, -1, -1, -1, 33, -1, 35, 36, 37, -1, -1]",{}
27248,1777818603.9482071,5765.810503992725,0,1,558.0,521.604416840792,592.0,639.0558722159448,132.93379754194817,125.0,360.0,360.0,26.24228338839376,"[-1, -1, 2, -1, 4, 5, 6, 7, 8, -1, 10, 11, -1, 13, 14, 15, 16, 17, -1, -1, 20, 21, 22, -1, 24, 25, 26, 27, 28, 29, -1, -1, -1, 33, -1, 35, 36, 37, -1, -1]",{}
27248,1777818604.1300375,5945.946124994407,0,1,537.0,523.050977602252,604.0,635.7747371133743,130.63656741695948,114.0,360.0,360.0,50.490022546336704,"[-1, -1, 2, -1, 4, 5, 6, 7, 8, -1, 10, 11, -1, 13, 14, 15, 16, 17, -1, -1, 20, 21, 22, -1, 24, 25, 26, 27, 28, 29, -1, -1, -1, 33, -1, 35, 36, 37, -1, -1]",{}
27248,1777818604.194838,6010.889379994296,0,1,490.0,518.0891770580075,607.0,632.2316495903885,132.23331745208066,141.0,360.0,360.0,34.99421536687114,"[-1, -1, 2, -1, 4, 5, 6, 7, 8, -1, 10, 11, -1, 13, 14, 15, 16, 17, -1, -1, 20, 21, 22, -1, 24, 25, 26, 27, 28, 29, -1, -1, -1, 33, -1, 35, 36, 37, -1, -1]",{}
27248,1777818604.2748306,6092.375754995373,0,1,579.0,526.1386636536946,572.0,624.378824300452,138.6797120582949,177.0,360.0,360.0,31.745639010665084,"[-1, -1, 2, -1, 4, 5, 6, 7, 8, -1, 10, 11, -1, 13, 14, 15, 16, 17, -1, -1, 20, 21, 22, -1, 24, 25, 26, 27, 28, 29, -1, -1, -1, 33, -1, 35, 36, 37, -1, -1]",{}
27248,1777818604.4214604,6239.220362995184,0,1,556.0,530.2933666350215,574.0,617.3388172128373,140.79689139017165,148.0,360.0,360.0,46.15209584189764,"[-1, -1, 2, -1, 4, 5, 6, 7, 8, -1, 10, 11, -1, 13, 14, 15, 16, 17, -1, -1, 20, 21, 22, -1, 24, 25, 26, 27, 28, 29, -1, -1, -1, 33, -1, 35, 36, 37, -1, -1]",{}
27248,1777818604.500874,6319.000369993773,0,1,579.0,537.3307752151186,568.0,610.213287689821,140.09872246152568,133.0,360.0,360.0,36.86160714436497,"[-1, -1, 2, -1, 4, 5, 6, 7, 8, -1, 10, 11, -1, 13, 14, 15, 16, 17, -1, -1, 20, 21, 22, -1, 24, 25, 26, 27, 28, 29, -1, -1, -1, 33, -1, 35, 36, 37, -1, -1]",{}
27248,1777818604.5652957,6381.6923929935,0,1,496.0,531.7666505965218,612.0,610.3010816280258,133.06716581405607,87.0,360.0,360.0,29.129121867840638,"[-1, -1, 2, -1, 4, 5, 6, 7, 8, -1, 10, 11, -1, 13, 14, 15, 16, 17, -1, -1, 20, 21, 22, -1, 24, 25, 26, 27, 28, 29, -1, -1, -1, 33, -1, 35, 36, 37, -1, -1]",{}
27248,1777818604.6804705,6496.195638993413,0,1,528.0,531.2481994290241,594.0,607.7036687227093,128.29486386633062,98.0,360.0,360.0,36.04049990979567,"[-1, -1, 2, -1, 4, 5, 6, 7, 8, -1, 10, 11, -1, 13, 14, 15, 16, 17, -1, -1, 20, 21, 22, -1, 24, 25, 26, 27, 28, 29, -1, -1, -1, 33, -1, 35, 36, 37, -1, -1]",{}
27248,1777818604.743715,6561.275872993065,0,1,595.0,539.9377462636712,565.0,601.6725669382166,134.7991249343649,176.0,360.0,360.0,27.81945349291555,"[-1, -1, 2, -1, 4, 5, 6, 7, 8, -1, 10, 11, -1, 13, 14, 15, 16, 17, -1, -1, 20, 21, 22, -1, 24, 25, 26, 27, 28, 29, -1, -1, -1, 33, -1, 35, 36, 37, -1, -1]",{}
27248,1777818604.891386,6707.954427994991,0,1,462.0,528.9858124516917,630.0,605.0155591913071,126.24393984293826,74.0,360.0,360.0,42.524036674149265,"[-1, -1, 2, -1, 4, 5, 6, 7, 8, -1, 10, 11, -1, 13, 14, 15, 16, 17, -1, -1, 20, 21, 22, -1, 24, 25, 26, 27, 28, 29, -1, -1, -1, 33, -1, 35, 36, 37, -1, -1]",{}
27248,1777818604.971599,6788.912235995667,0,1,540.0,530.4660535875208,598.0,603.7027331672889,124.98750250562166,118.0,360.0,360.0,34.62853695621743,"[-1, -1, 2, -1, 4, 5, 6, 7, 8, -1, 10, 11, -1, 13, 14, 15, 16, 17, -1, -1, 20, 21, 22, -1, 24, 25, 26, 27, 28, 29, -1, -1, -1, 33, -1, 35, 36, 37, -1, -1]",{}
27248,1777818605.1782548,6935.896508995029,0,1,534.0,530.937196255906,607.0,603.3849345702548,116.84699508831231,77.0,360.0,360.0,67.11972447699408,"[-1, -1, 2, -1, 4, 5, 6, 7, 8, -1, 10, 11, -1, 13, 14, 15, 16, 17, -1, -1, 20, 21, 22, -1, 24, 25, 26, 27, 28, 29, -1, -1, -1, 33, -1, 35, 36, 37, -1, -1]",{}
27248,1777818605.2420979,7059.016044994678,0,1,530.0,530.7755733865318,607.0,603.6852866280043,116.43477999806805,116.0,360.0,360.0,42.60490763231658,"[-1, -1, 2, -1, 4, 5, 6, 7, 8, -1, 10, 11, -1, 13, 14, 15, 16, 17, -1, -1, 20, 21, 22, -1, 24, 25, 26, 27, 28, 29, -1, -1, -1, 33, -1, 35, 36, 37, -1, -1]",{}
27248,1777818605.3210642,7139.574486995116,0,1,513.0,528.1389908091593,596.0,602.2631156967595,114.69512441965563,107.0,360.0,360.0,36.45615400165178,"[-1, -1, 2, -1, 4, 5, 6, 7, 8, -1, 10, 11, -1, 13, 14, 15, 16, 17, -1, -1, 20, 21, 22, -1, 24, 25, 26, 27, 28, 29, -1, -1, -1, 33, -1, 35, 36, 37, -1, -1]",{}
27248,1777818605.4015038,7218.521576995045,0,1,488.0,522.3069988317603,614.0,603.6014317681811,105.06750064743713,50.0,360.0,360.0,33.04978011058401,"[-1, -1, 2, -1, 4, 5, 6, 7, 8, -1, 10, 11, -1, 13, 14, 15, 16, 17, -1, -1, 20, 21, 22, -1, 24, 25, 26, 27, 28, 29, -1, -1, -1, 33, -1, 35, 36, 37, -1, -1]",{}
27248,1777818605.4686654,7282.277069994052,0,1,557.0,526.8102787090249,577.0,599.7265091300972,103.2455952966409,96.0,360.0,360.0,27.738240181305674,"[-1, -1, 2, -1, 4, 5, 6, 7, 8, -1, 10, 11, -1, 13, 14, 15, 16, 17, -1, -1, 20, 21, 22, -1, 24, 25, 26, 27, 28, 29, -1, -1, -1, 33, -1, 35, 36, 37, -1, -1]",{}
27248,1777818605.5660236,7382.851146993744,0,1,555.0,530.523825561945,569.0,595.0158839190495,100.81102928433862,92.0,360.0,360.0,30.696092191289257,"[-1, -1, 2, -1, 4, 5, 6, 7, 8, -1, 10, 11, -1, 13, 14, 15, 16, 17, -1, -1, 20, 21, 22, -1, 24, 25, 26, 27, 28, 29, -1, -1, -1, 33, -1, 35, 36, 37, -1, -1]",{}
27248,1777818605.6896966,7513.557942994339,0,1,597.0,540.0276282429836,702.0,609.5426711739939,59.522943693215,-179.0,360.0,360.0,37.96086033516225,"[-1, -1, 2, -1, 4, 5, 6, 7, 8, -1, 10, 11, -1, 13, 14, 15, 16, 17, -1, -1, 20, 21, 22, -1, 24, 25, 26, 27, 28, 29, -1, -1, -1, 33, -1, 35, 36, 37, -1, -1]",{}
27248,1777818605.7529383,7570.433310994304,0,1,523.0,537.9252637702582,613.0,609.9854847800672,62.220434774015864,91.0,360.0,360.0,28.46585703943888,"[-1, -1, 2, -1, 4, 5, 6, 7, 8, -1, 10, 11, -1, 13, 14, 15, 16, 17, -1, -1, 20, 21, 22, -1, 24, 25, 26, 27, 28, 29, -1, -1, -1, 33, -1, 35, 36, 37, -1, -1]",{}
27248,1777818605.9026406,7717.163549996258,0,1,545.0,539.3570178875533,587.0,606.5563696029689,63.12078507279298,92.0,360.0,360.0,43.31815358622823,"[-1, -1, 2, -1, 4, 5, 6, 7, 8, -1, 10, 11, -1, 13, 14, 15, 16, 17, -1, -1, 20, 21, 22, -1, 24, 25, 26, 27, 28, 29, -1, -1, -1, 33, -1, 35, 36, 37, -1, -1]",{}
27248,1777818605.9661567,7783.3369209965895,0,1,544.0,540.1975827839158,654.0,613.0931449504789,78.38732477701731,182.0,360.0,360.0,31.15429251102123,"[-1, -1, 2, -1, 4, 5, 6, 7, 8, -1, 10, 11, -1, 13, 14, 15, 16, 17, -1, -1, 20, 21, 22, -1, 24, 25, 26, 27, 28, 29, -1, -1, -1, 33, -1, 35, 36, 37, -1, -1]",{}
27248,1777818606.1908178,8013.871782995011,0,1,522.0,537.9164174777015,650.0,619.3767651047027,93.30372623535185,189.0,360.0,360.0,70.17318332551966,"[-1, -1, 2, -1, 4, 5, 6, 7, 8, -1, 10, 11, -1, 13, 14, 15, 16, 17, -1, -1, 20, 21, 22, -1, 24, 25, 26, 27, 28, 29, -1, -1, -1, 33, -1, 35, 36, 37, -1, -1]",{}
27248,1777818606.2711496,8088.198206995912,0,1,489.0,530.4414656107588,641.0,623.0148472708214,101.55083363242412,150.0,360.0,360.0,48.70898226771388,"[-1, -1, 2, -1, 4, 5, 6, 7, 8, -1, 10, 11, -1, 13, 14, 15, 16, 17, -1, -1, 20, 21, 22, -1, 24, 25, 26, 27, 28, 29, -1, -1, -1, 33, -1, 35, 36, 37, -1, -1]",{}
27248,1777818606.3448112,8168.507226996553,0,1,530.0,530.3083899584668,640.0,625.8741517796691,107.54955782798493,144.0,360.0,360.0,38.2486063628787,"[-1, -1, 2, -1, 4, 5, 6, 7, 8, -1, 10, 11, -1, 13, 14, 15, 16, 17, -1, -1, 20, 21, 22, -1, 24, 25, 26, 27, 28, 29, -1, -1, -1, 33, -1, 35, 36, 37, -1, -1]",{}
27248,1777818606.4264867,8242.139119995954,0,1,520.0,528.7463292030018,595.0,621.8791577685163,116.1183686981286,168.0,360.0,360.0,34.68271272885548,"[-1, -1, 2, -1, 4, 5, 6, 7, 8, -1, 10, 11, -1, 13, 14, 15, 16, 17, -1, -1, 20, 21, 22, -1, 24, 25, 26, 27, 28, 29, -1, -1, -1, 33, -1, 35, 36, 37, -1, -1]",{}
27248,1777818606.5680656,8390.59626499602,0,1,554.0,532.365165759215,601.0,619.245494591705,118.91075430390056,133.0,0.875,165.90747374244648,47.53078997310552,"[-1, -1, 2, -1, 4, 5, 6, 7, 8, -1, 10, 11, -1, 13, 14, 15, 16, 17, -1, -1, 20, 21, 22, -1, 24, 25, 26, 27, 28, 29, -1, -1, -1, 33, -1, 35, 36, 37, -1, -1]",{}
27248,1777818606.6665928,8482.048394996127,0,1,358.0,506.2578116613769,671.0,627.2431116052062,104.80784469048658,23.0,1.5625,76.44109409394878,42.86087678421882,"[-1, -1, 2, -1, 4, 5, 6, 7, 8, -1, 10, 11, -1, 13, 14, 15, 16, 17, -1, -1, 20, 21, 22, -1, 24, 25, 26, 27, 28, 29, -1, -1, -1, 33, -1, 35, 36, 37, -1, -1]",{}
27248,1777818606.7464354,8563.912213996446,0,1,544.0,510.914760828519,577.0,620.4130763040292,110.67912453702982,147.0,1.1875,33.57184730518155,35.918527944535484,"[-1, -1, 2, -1, 4, 5, 6, 7, 8, -1, 10, 11, -1, 13, 14, 15, 16, 17, -1, -1, 20, 21, 22, -1, 24, 25, 26, 27, 28, 29, -1, -1, -1, 33, -1, 35, 36, 37, -1, -1]",{}
27248,1777818606.8878841,8710.546045995216,0,1,585.0,521.0800093263555,586.0,615.5512485326171,114.15005953323806,134.0,0.3125,3.176312316131698,48.14206519559338,"[-1, -1, 2, -1, 4, 5, 6, 7, 8, -1, 10, 11, -1, 13, 14, 15, 16, 17, -1, -1, 20, 21, 22, -1, 24, 25, 26, 27, 28, 29, -1, -1, -1, 33, -1, 35, 36, 37, -1, -1]",{}
27248,1777818606.955786,8768.46805099467,0,1,591.0,530.940643514082,555.0,606.8494191033878,116.63889717314713,131.0,0.3125,-5.145855508145301,35.22639919626423,"[-1, -1, 2, -1, 4, 5, 6, 7, 8, -1, 10, 11, -1, 13, 14, 15, 16, 17, -1, -1, 20, 21, 22, -1, 24, 25, 26, 27, 28, 29, -1, -1, -1, 33, -1, 35, 36, 37, -1, -1]",{}
27248,1777818607.1208873,8936.644001992136,0,1,498.0,525.855521601114,596.0,604.7057276803483,116.19816773315151,112.0,359.4375,188.17121608594312,54.951229876301014,"[-1, -1, 2, -1, 4, 5, 6, 7, 8, -1, 10, 11, -1, 13, 14, 15, 16, 17, -1, -1, 20, 21, 22, -1, 24, 25, 26, 27, 28, 29, -1, -1, -1, 33, -1, 35, 36, 37, -1, -1]",{}
27248,1777818607.2013023,9018.14145399203,0,1,474.0,517.9504932718949,593.0,602.6808590864339,109.08310678749206,68.0,358.625,269.9290918438637,41.829394696081664,"[-1, -1, 2, -1, 4, 5, 6, 7, 8, -1, 10, 11, -1, 13, 14, 15, 16, 17, -1, -1, 20, 21, 22, -1, 24, 25, 26, 27, 28, 29, -1, -1, -1, 33, -1, 35, 36, 37, -1, -1]",{}
27248,1777818607.3148293,9131.9486929915,0,1,495.0,513.9677764885251,565.0,596.5308977209069,109.67584196959503,114.0,359.5625,316.2428770642332,44.733135213540294,"[-1, -1, 2, -1, 4, 5, 6, 7, 8, -1, 10, 11, -1, 13, 14, 15, 16, 17, -1, -1, 20, 21, 22, -1, 24, 25, 26, 27, 28, 29, -1, -1, -1, 33, -1, 35, 36, 37, -1, -1]",{}
27248,1777818607.377214,9195.367782992435,0,1,559.0,520.0245139103753,581.0,593.9294587112224,103.09636142096844,64.0,0.0625,175.2862161079852,32.700756594086066,"[-1, -1, 2, -1, 4, 5, 6, 7, 8, -1, 10, 11, -1, 13, 14, 15, 16, 17, -1, -1, 20, 21, 22, -1, 24, 25, 26, 27, 28, 29, -1, -1, -1, 33, -1, 35, 36, 37, -1, -1]",{}
27248,1777818607.441947,9257.750902991575,0,1,441.0,509.03067985445784,657.0,602.0708610011463,99.4427502339091,78.0,359.875,252.79107708363443,27.310020902136777,"[-1, -1, 2, -1, 4, 5, 6, 7, 8, -1, 10, 11, -1, 13, 14, 15, 16, 17, -1, -1, 20, 21, 22, -1, 24, 25, 26, 27, 28, 29, -1, -1, -1, 33, -1, 35, 36, 37, -1, -1]",{}
27248,1777818607.5723844,9389.301819994216,0,1,567.0,516.3591714731203,577.0,597.999845001605,100.46499287692376,111.0,2.5625,122.5426929295059,38.25333729811747,"[-1, -1, 2, -1, 4, 5, 6, 7, 8, -1, 10, 11, -1, 13, 14, 15, 16, 17, -1, -1, 20, 21, 22, -1, 24, 25, 26, 27, 28, 29, -1, -1, -1, 33, -1, 35, 36, 37, -1, -1]",{}
27248,1777818607.6687334,9486.341384995285,0,1,600.0,527.890007043953,612.0,599.5136909717493,102.27948897330651,116.0,5.1875,59.67515061640274,36.24571050515548,"[-1, -1, 2, -1, 4, 5, 6, 7, 8, -1, 10, 11, -1, 13, 14, 15, 16, 17, -1, -1, 20, 21, 22, -1, 24, 25, 26, 27, 28, 29, -1, -1, -1, 33, -1, 35, 36, 37, -1, -1]",{}
27248,1777818607.7478235,9565.987541994218,0,1,627.0,541.7112592495088,608.0,600.359008628498,104.34379119785255,119.0,3.9375,28.336635180332713,31.430180783986376,"[-1, -1, 2, -1, 4, 5, 6, 7, 8, -1, 10, 11, -1, 13, 14, 15, 16, 17, -1, -1, 20, 21, 22, -1, 24, 25, 26, 27, 28, 29, -1, -1, -1, 33, -1, 35, 36, 37, -1, -1]",{}
27248,1777818607.8953958,9711.873772993386,0,1,216.0,494.07316828253727,699.0,614.4962547993632,84.44304895540779,-27.0,2.75,5.186131704173724,45.28535027390119,"[-1, -1, 2, -1, 4, 5, 6, 7, 8, -1, 10, 11, -1, 13, 14, 15, 16, 17, -1, -1, 20, 21, 22, -1, 24, 25, 26, 27, 28, 29, -1, -1, -1, 33, -1, 35, 36, 37, -1, -1]",{}
27248,1777818607.969077,9792.601454993928,0,1,389.0,478.08557928797796,1138.0,689.4846026615778,-39.58500371544304,-778.0,2.25,-1.5570889391679779,34.690002392162974,"[-1, -1, 2, -1, 4, 5, 6, 7, 8, -1, 10, 11, -1, 13, 14, 15, 16, 17, -1, -1, 20, 21, 22, -1, 24, 25, 26, 27, 28, 29, -1, -1, -1, 33, -1, 35, 36, 37, -1, -1]",{}
27248,1777818608.1159067,9933.041234993652,0,1,361.0,457.55443323587303,639.0,686.3427270611513,-40.77376557844943,8.0,1.5625,-8.860388574403839,48.22613219383567,"[-1, -1, 2, -1, 4, 5, 6, 7, 8, -1, 10, 11, -1, 13, 14, 15, 16, 17, -1, -1, 20, 21, 22, -1, 24, 25, 26, 27, 28, 29, -1, -1, -1, 33, -1, 35, 36, 37, -1, -1]",{}
27248,1777818608.19747,10013.084703992718,0,1,347.0,439.24766203093185,639.0,681.6562445532539,-39.8044904288125,-4.0,2.375,-8.739814739675417,38.4852652298239,"[-1, -1, 2, -1, 4, 5, 6, 7, 8, -1, 10, 11, -1, 13, 14, 15, 16, 17, -1, -1, 20, 21, 22, -1, 24, 25, 26, 27, 28, 29, -1, -1, -1, 33, -1, 35, 36, 37, -1, -1]",{}
27248,1777818608.2785282,10094.644949992471,0,1,426.0,434.7806803660993,628.0,676.0298173549618,-34.787761174320025,25.0,2.5,-8.708372961803626,33.83047966378321,"[-1, -1, 2, -1, 4, 5, 6, 7, 8, -1, 10, 11, -1, 13, 14, 15, 16, 17, -1, -1, 20, 21, 22, -1, 24, 25, 26, 27, 28, 29, -1, -1, -1, 33, -1, 35, 36, 37, -1, -1]",{}
27248,1777818608.3923638,10209.117496991894,0,1,410.0,427.5044317472993,626.0,671.2389722241854,-34.47986718325205,5.0,2.4375,-9.50412923443179,38.848205702763856,"[-1, -1, 2, -1, 4, 5, 6, 7, 8, -1, 10, 11, -1, 13, 14, 15, 16, 17, -1, -1, 20, 21, 22, -1, 24, 25, 26, 27, 28, 29, -1, -1, -1, 33, -1, 35, 36, 37, -1, -1]",{}
27248,1777818608.4734223,10289.5447199935,0,1,410.0,422.3049685997125,636.0,667.7832797899401,-33.02034985869235,2.0,2.375,-8.432326626120625,33.41860279739507,"[-1, -1, 2, -1, 4, 5, 6, 7, 8, -1, 10, 11, -1, 13, 14, 15, 16, 17, -1, -1, 20, 21, 22, -1, 24, 25, 26, 27, 28, 29, -1, -1, -1, 33, -1, 35, 36, 37, -1, -1]",{}
27248,1777818608.5737472,10387.265645995285,0,1,216.0,389.5386770171482,1071.0,726.785148904484,33.68760906843822,467.0,2.75,-8.087012789281244,34.923442155293706,"[-1, -1, 2, -1, 4, 5, 6, 7, 8, -1, 10, 11, -1, 13, 14, 15, 16, 17, -1, -1, 20, 21, 22, -1, 24, 25, 26, 27, 28, 29, -1, -1, -1, 33, -1, 35, 36, 37, -1, -1]",{}
27248,1777818608.6734612,10487.62961799548,0,1,379.0,383.4963855632798,650.0,719.749999590376,28.634009787264638,9.0,2.5625,-7.550487580441644,35.37971594702195,"[-1, -1, 2, -1, 4, 5, 6, 7, 8, -1, 10, 11, -1, 13, 14, 15, 16, 17, -1, -1, 20, 21, 22, -1, 24, 25, 26, 27, 28, 29, -1, -1, -1, 33, -1, 35, 36, 37, -1, -1]",{}
27248,1777818608.7535398,10570.602237996354,0,1,348.0,374.87505534423434,663.0,714.6395068024568,25.117981024643136,13.0,2.0625,-6.770974832998341,31.100411165171632,"[-1, -1, 2, -1, 4, 5, 6, 7, 8, -1, 10, 11, -1, 13, 14, 15, 16, 17, -1, -1, 20, 21, 22, -1, 24, 25, 26, 27, 28, 29, -1, -1, -1, 33, -1, 35, 36, 37, -1, -1]",{}
27248,1777818608.9003427,10717.50801399594,0,1,369.0,367.07461515027,648.0,709.2941413912605,21.664249889436313,19.0,1.5625,-7.715634378994007,44.659496587294626,"[-1, -1, 2, -1, 4, 5, 6, 7, 8, -1, 10, 11, -1, 13, 14, 15, 16, 17, -1, -1, 20, 21, 22, -1, 24, 25, 26, 27, 28, 29, -1, -1, -1, 33, -1, 35, 36, 37, -1, -1]",{}
27248,1777818608.99709,10814.19882499631,0,1,399.0,367.2122901898947,649.0,703.0342657963064,22.518513341896067,39.0,1.0625,-6.880451695675621,39.979483469831706,"[-1, -1, 2, -1, 4, 5, 6, 7, 8, -1, 10, 11, -1, 13, 14, 15, 16, 17, -1, -1, 20, 21, 22, -1, 24, 25, 26, 27, 28, 29, -1, -1, -1, 33, -1, 35, 36, 37, -1, -1]",{}
27248,1777818609.1304655,10944.29774299715,0,1,385.0,363.96572173707943,663.0,700.0179987685249,23.16412411661559,41.0,0.1875,-7.381414074426388,47.91739308894553,"[-1, -1, 2, -1, 4, 5, 6, 7, 8, -1, 10, 11, -1, 13, 14, 15, 16, 17, -1, -1, 20, 21, 22, -1, 24, 25, 26, 27, 28, 29, -1, -1, -1, 33, -1, 35, 36, 37, -1, -1]",{}
27248,1777818609.1892273,11011.002349995579,0,1,327.0,356.10040256586854,882.0,727.3122146596007,60.77257277920302,292.0,1.625,-5.400810818287808,32.872519935566714,"[-1, -1, 2, -1, 4, 5, 6, 7, 8, -1, 10, 11, -1, 13, 14, 15, 16, 17, -1, -1, 20, 21, 22, -1, 24, 25, 26, 27, 28, 29, -1, -1, -1, 33, -1, 35, 36, 37, -1, -1]",{}
27248,1777818609.2475882,11069.584552995366,0,1,356.0,353.3999336795978,862.0,747.4136839847833,92.00271243592528,291.0,2.8125,-4.009887809637247,25.965233995789287,"[-1, -1, 2, -1, 4, 5, 6, 7, 8, -1, 10, 11, -1, 13, 14, 15, 16, 17, -1, -1, 20, 21, 22, -1, 24, 25, 26, 27, 28, 29, -1, -1, -1, 33, -1, 35, 36, 37, -1, -1]",{}
27248,1777818609.3302279,11144.630154995866,0,1,625.0,386.03224261120306,430.0,708.0088213037347,87.76679417105663,53.0,2.125,-3.8990664397213637,26.658017786276083,"[-1, -1, 2, -1, 4, 5, 6, 7, 8, -1, 10, 11, -1, 13, 14, 15, 16, 17, -1, -1, 20, 21, 22, -1, 24, 25, 26, 27, 28, 29, -1, -1, -1, 33, -1, 35, 36, 37, -1, -1]",{}
27248,1777818609.395115,11210.908543996084,0,1,580.0,409.1438280440464,545.0,688.2613860531411,92.98326890934887,123.0,1.6875,-3.518084400175332,23.034057267572578,"[-1, -1, 2, -1, 4, 5, 6, 7, 8, -1, 10, 11, -1, 13, 14, 15, 16, 17, -1, -1, 20, 21, 22, -1, 24, 25, 26, 27, 28, 29, -1, -1, -1, 33, -1, 35, 36, 37, -1, -1]",{}
27248,1777818609.4757938,11292.189774996586,0,1,580.0,429.4502607096474,525.0,668.2564936794287,99.22135358461684,134.0,1.25,-3.6996893780438542,23.539092976087435,"[-1, -1, 2, -1, 4, 5, 6, 7, 8, -1, 10, 11, -1, 13, 14, 15, 16, 17, -1, -1, 20, 21, 22, -1, 24, 25, 26, 27, 28, 29, -1, -1, -1, 33, -1, 35, 36, 37, -1, -1]",{}
27248,1777818609.5735292,11389.54361499782,0,1,586.0,448.81292159130237,542.0,652.098972425626,101.32819942043264,105.0,0.5,-4.208308311249518,26.587936099998945,"[-1, -1, 2, -1, 4, 5, 6, 7, 8, -1, 10, 11, -1, 13, 14, 15, 16, 17, -1, -1, 20, 21, 22, -1, 24, 25, 26, 27, 28, 29, -1, -1, -1, 33, -1, 35, 36, 37, -1, -1]",{}
27248,1777818609.6705365,11487.289376997978,0,1,561.0,463.3791543248204,564.0,640.1355214998396,97.83834973771641,65.0,0.0625,-4.450426812952244,28.19779123735536,"[-1, -1, 2, -1, 4, 5, 6, 7, 8, -1, 10, 11, -1, 13, 14, 15, 16, 17, -1, -1, 20, 21, 22, -1, 24, 25, 26, 27, 28, 29, -1, -1, -1, 33, -1, 35, 36, 37, -1, -1]",{}
27248,1777818609.7506678,11567.579991997263,0,1,610.0,482.8751305360431,496.0,620.5687457424165,102.77676543382722,128.0,359.1875,163.9439043689208,26.002967783242404,"[-1, -1, 2, -1, 4, 5, 6, 7, 8, -1, 10, 11, -1, 13, 14, 15, 16, 17, -1, -1, 20, 21, 22, -1, 24, 25, 26, 27, 28, 29, -1, -1, -1, 33, -1, 35, 36, 37, -1, -1]",{}
27248,1777818609.8926764,11714.800246996674,0,1,639.0,506.419101474792,611.0,617.1747849627039,70.88396691239763,-135.0,357.4375,273.1782774544898,37.85569645050431,"[-1, -1, 2, -1, 4, 5, 6, 7, 8, -1, 10, 11, -1, 13, 14, 15, 16, 17, -1, -1, 20, 21, 22, -1, 24, 25, 26, 27, 28, 29, -1, -1, -1, 33, -1, 35, 36, 37, -1, -1]",{}
27248,1777818609.9729218,11789.96825399554,0,1,629.0,524.9211253621133,503.0,600.1246674413479,77.41877173691329,118.0,356.6875,318.945915149028,31.486965609451474,"[-1, -1, 2, -1, 4, 5, 6, 7, 8, -1, 10, 11, -1, 13, 14, 15, 16, 17, -1, -1, 20, 21, 22, -1, 24, 25, 26, 27, 28, 29, -1, -1, -1, 33, -1, 35, 36, 37, -1, -1]",{}
27248,1777818610.1818037,11936.956141994415,0,1,681.0,555.0832458755496,483.0,577.0315587367702,101.46633167674055,224.0,355.4375,353.5570033476708,63.27937392945357,"[-1, -1, 2, -1, 4, 5, 6, 7, 8, -1, 10, 11, -1, 13, 14, 15, 16, 17, -1, -1, 20, 21, 22, -1, 24, 25, 26, 27, 28, 29, -1, -1, -1, 33, -1, 35, 36, 37, -1, -1]",{}
27248,1777818610.245051,12062.0592499954,0,1,723.0,582.4429618383857,443.0,555.1571201839387,128.69712067881463,278.0,355.0,359.28286778751743,40.34714617110912,"[-1, -1, 2, -1, 4, 5, 6, 7, 8, -1, 10, 11, -1, 13, 14, 15, 16, 17, -1, -1, 20, 21, 22, -1, 24, 25, 26, 27, 28, 29, -1, -1, -1, 33, -1, 35, 36, 37, -1, -1]",{}
27248,1777818610.3188305,12141.999591995955,0,1,697.0,602.1729023850427,498.0,544.302357049333,168.79056990928456,396.0,354.4375,363.1302623210015,33.59387935376129,"[-1, -1, 2, -1, 4, 5, 6, 7, 8, -1, 10, 11, -1, 13, 14, 15, 16, 17, -1, -1, 20, 21, 22, -1, 24, 25, 26, 27, 28, 29, -1, -1, -1, 33, -1, 35, 36, 37, -1, -1]",{}
27248,1777818610.4022038,12215.794874994572,0,1,697.0,619.7221909039032,476.0,531.4486658713389,186.25878119554932,271.0,354.8125,365.84039617992784,31.824835901611735,"[-1, -1, 2, -1, 4, 5, 6, 7, 8, -1, 10, 11, -1, 13, 14, 15, 16, 17, -1, -1, 20, 21, 22, -1, 24, 25, 26, 27, 28, 29, -1, -1, -1, 33, -1, 35, 36, 37, -1, -1]",{}
27248,1777818610.4658718,12282.472222994329,0,1,677.0,630.9851188778817,444.0,516.944726933129,198.64040314965072,258.0,355.0,366.17982534500356,26.111044922943538,"[-1, -1, 2, -1, 4, 5, 6, 7, 8, -1, 10, 11, -1, 13, 14, 15, 16, 17, -1, -1, 20, 21, 22, -1, 24, 25, 26, 27, 28, 29, -1, -1, -1, 33, -1, 35, 36, 37, -1, -1]",{}
27248,1777818610.5794177,12396.169057993575,0,1,687.0,645.3773331351373,420.0,498.140731922454,211.97582956516572,257.0,353.6875,367.6213324144842,32.88677687643339,"[-1, -1, 2, -1, 4, 5, 6, 7, 8, -1, 10, 11, -1, 13, 14, 15, 16, 17, -1, -1, 20, 21, 22, -1, 24, 25, 26, 27, 28, 29, -1, -1, -1, 33, -1, 35, 36, 37, -1, -1]",{}
27248,1777818610.6429062,12459.645129993078,0,1,537.0,634.804488680547,519.0,497.61130377024557,203.7602039404781,127.0,352.6875,365.3764809730918,25.885605731110108,"[-1, -1, 2, -1, 4, 5, 6, 7, 8, -1, 10, 11, -1, 13, 14, 15, 16, 17, -1, -1, 20, 21, 22, -1, 24, 25, 26, 27, 28, 29, -1, -1, -1, 33, -1, 35, 36, 37, -1, -1]",{}
27248,1777818610.7226088,12539.829263992942,0,1,637.0,639.5027228084522,386.0,478.841060404132,195.61271759259841,115.0,351.25,364.14726231085353,25.303487935005176,"[-1, -1, 2, -1, 4, 5, 6, 7, 8, -1, 10, 11, -1, 13, 14, 15, 16, 17, -1, -1, 20, 21, 22, -1, 24, 25, 26, 27, 28, 29, -1, -1, -1, 33, -1, 35, 36, 37, -1, -1]",{}
27248,1777818610.8036036,12619.535682993956,0,1,587.0,637.1123515274851,462.0,472.05163661204125,195.61133476477752,171.0,349.4375,362.32331604020646,24.865902457637244,"[-1, -1, 2, -1, 4, 5, 6, 7, 8, -1, 10, 11, -1, 13, 14, 15, 16, 17, -1, -1, 20, 21, 22, -1, 24, 25, 26, 27, 28, 29, -1, -1, -1, 33, -1, 35, 36, 37, -1, -1]",{}
27248,1777818610.8672998,12683.842446994277,0,1,550.0,629.4076644280808,592.0,483.59791421972267,196.71189475607142,185.0,347.0625,359.50805450619185,21.349492619369112,"[-1, -1, 2, -1, 4, 5, 6, 7, 8, -1, 10, 11, -1, 13, 14, 15, 16, 17, -1, -1, 20, 21, 22, -1, 24, 25, 26, 27, 28, 29, -1, -1, -1, 33, -1, 35, 36, 37, -1, -1]",{}
27248,1777818610.9407783,12764.189245994203,0,1,702.0,642.0261816537039,631.0,498.31148018637805,166.8041999565129,-64.0,345.0,357.1945972209395,20.882289251635367,"[-1, -1, 2, -1, 4, 5, 6, 7, 8, -1, 10, 11, -1, 13, 14, 15, 16, 17, -1, -1, 20, 21, 22, -1, 24, 25, 26, 27, 28, 29, -1, -1, -1, 33, -1, 35, 36, 37, -1, -1]",{}
27248,1777818611.1190917,12937.883860994589,0,1,654.0,652.7133204697689,681.0,516.8946052159696,231.8621577608759,591.0,340.375,354.5298108461195,41.45434915573289,"[-1, -1, 2, -1, 4, 5, 6, 7, 8, -1, 10, 11, -1, 13, 14, 15, 16, 17, -1, -1, 20, 21, 22, -1, 24, 25, 26, 27, 28, 29, -1, -1, -1, 33, -1, 35, 36, 37, -1, -1]",{}
27248,1777818611.1921144,13015.988555995136,0,1,780.0,674.0541095615995,651.0,533.1460826417551,223.0428501617225,143.0,337.8125,349.4850421131004,31.377387904933368,"[-1, -1, 2, -1, 4, 5, 6, 7, 8, -1, 10, 11, -1, 13, 14, 15, 16, 17, -1, -1, 20, 21, 22, -1, 24, 25, 26, 27, 28, 29, -1, -1, -1, 33, -1, 35, 36, 37, -1, -1]",{}
27248,1777818611.277551,13088.991867995901,0,1,695.0,681.8419735594211,654.0,547.6219295234756,267.4091349614589,520.0,335.125,345.9965002359933,29.654317617211635,"[-1, -1, 2, -1, 4, 5, 6, 7, 8, -1, 10, 11, -1, 13, 14, 15, 16, 17, -1, -1, 20, 21, 22, -1, 24, 25, 26, 27, 28, 29, -1, -1, -1, 33, -1, 35, 36, 37, -1, -1]",{}
27248,1777818611.3909483,13207.83097599633,0,1,694.0,690.1462964426412,711.0,568.6583389173352,308.68023450365905,513.0,330.25,341.7425555159154,34.68345785337584,"[-1, -1, 2, -1, 4, 5, 6, 7, 8, -1, 10, 11, -1, 13, 14, 15, 16, 17, -1, -1, 20, 21, 22, -1, 24, 25, 26, 27, 28, 29, -1, -1, -1, 33, -1, 35, 36, 37, -1, -1]",{}
27248,1777818611.4565923,13271.129512995685,0,1,686.0,693.4412387911386,739.0,591.1645308357922,361.66665518564804,665.0,327.875,337.6163021215023,27.20471676181132,"[-1, -1, 2, -1, 4, 5, 6, 7, 8, -1, 10, 11, -1, 13, 14, 15, 16, 17, -1, -1, 20, 21, 22, -1, 24, 25, 26, 27, 28, 29, -1, -1, -1, 33, -1, 35, 36, 37, -1, -1]",{}
27248,1777818611.5628047,13386.820453997643,0,1,690.0,699.1346315347857,867.0,629.3931404093262,362.7944679602127,300.0,324.0625,333.8724791080906,31.596283554097973,"[-1, -1, 2, -1, 4, 5, 6, 7, 8, -1, 10, 11, -1, 13, 14, 15, 16, 17, -1, -1, 20, 21, 22, -1, 24, 25, 26, 27, 28, 29, -1, -1, -1, 33, -1, 35, 36, 37, -1, -1]",{}
27248,1777818611.6784801,13493.103597998015,0,1,742.0,711.8595848504979,876.0,666.3477675967052,444.18523396659475,864.0,320.5625,329.7052707688037,36.204550940147534,"[-1, -1, 2, -1, 4, 5, 6, 7, 8, -1, 10, 11, -1, 13, 14, 15, 16, 17, -1, -1, 20, 21, 22, -1, 24, 25, 26, 27, 28, 29, -1, -1, -1, 33, -1, 35, 36, 37, -1, -1]",{}
27248,1777818611.7440388,13558.634868999434,0,1,791.0,726.5686888645366,836.0,691.4535481882295,497.26973465824767,778.0,317.625,325.71976935581426,27.94530731994486,"[-1, -1, 2, -1, 4, 5, 6, 7, 8, -1, 10, 11, -1, 13, 14, 15, 16, 17, -1, -1, 20, 21, 22, -1, 24, 25, 26, 27, 28, 29, -1, -1, -1, 33, -1, 35, 36, 37, -1, -1]",{}
27248,1777818611.8937988,13707.683898997857,0,1,668.0,727.3574079881556,957.0,736.3087061809996,558.3476301900295,779.0,311.375,320.4400986982318,42.61438481161895,"[-1, -1, 2, -1, 4, 5, 6, 7, 8, -1, 10, 11, -1, 13, 14, 15, 16, 17, -1, -1, 20, 21, 22, -1, 24, 25, 26, 27, 28, 29, -1, -1, -1, 33, -1, 35, 36, 37, -1, -1]",{}
27248,1777818611.973971,13790.63374299676,0,1,749.0,735.1944386319709,973.0,774.4416180956041,591.7677674268125,710.0,308.625,315.98940675132326,34.46364694353491,"[-1, -1, 2, -1, 4, 5, 6, 7, 8, -1, 10, 11, -1, 13, 14, 15, 16, 17, -1, -1, 20, 21, 22, -1, 24, 25, 26, 27, 28, 29, -1, -1, -1, 33, -1, 35, 36, 37, -1, -1]",{}
27248,1777818612.122625,13937.5880769976,0,1,780.0,750.8511740626703,947.0,810.513099112655,645.089543205117,793.0,304.125,311.1965656973106,47.95265117230284,"[-1, -1, 2, -1, 4, 5, 6, 7, 8, -1, 10, 11, -1, 13, 14, 15, 16, 17, -1, -1, 20, 21, 22, -1, 24, 25, 26, 27, 28, 29, -1, -1, -1, 33, -1, 35, 36, 37, -1, -1]",{}
27248,1777818612.1961384,14019.396508996579,0,1,703.0,748.4318054697056,1067.0,853.4522950688366,684.2271539584724,831.0,301.9375,307.58831566829673,36.07329655913294,"[-1, -1, 2, -1, 4, 5, 6, 7, 8, -1, 10, 11, -1, 13, 14, 15, 16, 17, -1, -1, 20, 21, 22, -1, 24, 25, 26, 27, 28, 29, -1, -1, -1, 33, -1, 35, 36, 37, -1, -1]",{}
27248,1777818612.277912,14092.953148997367,0,1,686.0,744.407223575449,1196.0,909.4678887794031,728.4133212266485,895.0,301.1875,305.3868448682096,32.51790769047603,"[-1, -1, 2, -1, 4, 5, 6, 7, 8, -1, 10, 11, -1, 13, 14, 15, 16, 17, -1, -1, 20, 21, 22, -1, 24, 25, 26, 27, 28, 29, -1, -1, -1, 33, -1, 35, 36, 37, -1, -1]",{}
27248,1777818612.3933315,14208.0932259978,0,1,660.0,738.5191394189094,1281.0,975.9378666668877,779.5644124678397,934.0,299.5,303.27498172056085,38.06289268267281,"[-1, -1, 2, -1, 4, 5, 6, 7, 8, -1, 10, 11, -1, 13, 14, 15, 16, 17, -1, -1, 20, 21, 22, -1, 24, 25, 26, 27, 28, 29, -1, -1, -1, 33, -1, 35, 36, 37, -1, -1]",{}
27248,1777818612.4737167,14290.120744997694,0,1,670.0,732.8727967133676,1382.0,1043.708626393693,820.2227941708962,956.0,298.0625,301.35781300315494,32.60582536572487,"[-1, -1, 2, -1, 4, 5, 6, 7, 8, -1, 10, 11, -1, 13, 14, 15, 16, 17, -1, -1, 20, 21, 22, -1, 24, 25, 26, 27, 28, 29, -1, -1, -1, 33, -1, 35, 36, 37, -1, -1]",{}
27248,1777818612.5709927,14387.123254996368,0,1,637.0,723.8140897491853,1312.0,1096.3145610578133,800.3573724571862,539.0,296.4375,299.5197950267861,33.49819045325672,"[-1, -1, 2, -1, 4, 5, 6, 7, 8, -1, 10, 11, -1, 13, 14, 15, 16, 17, -1, -1, 20, 21, 22, -1, 24, 25, 26, 27, 28, 29, -1, -1, -1, 33, -1, 35, 36, 37, -1, -1]",{}
27248,1777818612.6662464,14484.445262994996,0,1,591.0,708.957262009266,1376.0,1151.4558001203834,800.5558546255616,675.0,294.625,297.58435373912766,33.293405008845106,"[-1, -1, 2, -1, 4, 5, 6, 7, 8, -1, 10, 11, -1, 13, 14, 15, 16, 17, -1, -1, 20, 21, 22, -1, 24, 25, 26, 27, 28, 29, -1, -1, -1, 33, -1, 35, 36, 37, -1, -1]",{}
27248,1777818612.746345,14562.984343995595,0,1,645.0,702.7902338829867,1511.0,1215.4627228324523,808.8433076589951,756.0,292.75,295.64570619534675,29.765563918300806,"[-1, -1, 2, -1, 4, 5, 6, 7, 8, -1, 10, 11, -1, 13, 14, 15, 16, 17, -1, -1, 20, 21, 22, -1, 24, 25, 26, 27, 28, 29, -1, -1, -1, 33, -1, 35, 36, 37, -1, -1]",{}
27248,1777818612.893857,14709.783293997134,0,1,594.0,690.9971654369258,1634.0,1306.335908900654,837.6106774015166,829.0,286.9375,291.26604352286415,43.41567733633711,"[-1, -1, 2, -1, 4, 5, 6, 7, 8, -1, 10, 11, -1, 13, 14, 15, 16, 17, -1, -1, 20, 21, 22, -1, 24, 25, 26, 27, 28, 29, -1, -1, -1, 33, -1, 35, 36, 37, -1, -1]",{}
27248,1777818612.968206,14790.556200997344,0,1,572.0,675.7497853174284,1580.0,1361.6366225354468,777.1049897352756,321.0,283.75,287.7785908132046,33.603427913062326,"[-1, -1, 2, -1, 4, 5, 6, 7, 8, -1, 10, 11, -1, 13, 14, 15, 16, 17, -1, -1, 20, 21, 22, -1, 24, 25, 26, 27, 28, 29, -1, -1, -1, 33, -1, 35, 36, 37, -1, -1]",{}
27248,1777818613.1165922,14933.00573599572,0,1,609.0,667.9777242272592,1737.0,1452.9221300359043,906.9634117157627,1492.0,278.8125,282.8535779522459,47.36625958727854,"[-1, -1, 2, -1, 4, 5, 6, 7, 8, -1, 10, 11, -1, 13, 14, 15, 16, 17, -1, -1, 20, 21, 22, -1, 24, 25, 26, 27, 28, 29, -1, -1, -1, 33, -1, 35, 36, 37, -1, -1]",{}
27248,1777818613.1973033,15013.278759995046,0,1,498.0,644.0389346050929,1774.0,1520.3325254995173,1007.7846875200476,1493.0,278.1875,280.4638171567878,37.572093569933806,"[-1, -1, 2, -1, 4, 5, 6, 7, 8, -1, 10, 11, -1, 13, 14, 15, 16, 17, -1, -1, 20, 21, 22, -1, 24, 25, 26, 27, 28, 29, -1, -1, -1, 33, -1, 35, 36, 37, -1, -1]",{}
27248,1777818613.2781472,15093.98388999307,0,1,512.0,625.4166332010274,1826.0,1585.7334148003472,1090.57761698711,1465.0,278.625,279.42371790590926,33.083807759337795,"[-1, -1, 2, -1, 4, 5, 6, 7, 8, -1, 10, 11, -1, 13, 14, 15, 16, 17, -1, -1, 20, 21, 22, -1, 24, 25, 26, 27, 28, 29, -1, -1, -1, 33, -1, 35, 36, 37, -1, -1]",{}
27248,1777818613.3930824,15208.172776990068,0,1,465.0,601.5003614032113,1849.0,1656.7922350137123,1175.4820993689432,1483.0,278.6875,278.78879495465566,38.39889839229164,"[-1, -1, 2, -1, 4, 5, 6, 7, 8, -1, 10, 11, -1, 13, 14, 15, 16, 17, -1, -1, 20, 21, 22, -1, 24, 25, 26, 27, 28, 29, -1, -1, -1, 33, -1, 35, 36, 37, -1, -1]",{}
27248,1777818613.4745107,15289.729155988425,0,1,416.0,574.067023921254,1842.0,1707.3875566689305,1252.2716112927037,1566.0,278.625,278.5113462013812,33.09503017465503,"[-1, -1, 2, -1, 4, 5, 6, 7, 8, -1, 10, 11, -1, 13, 14, 15, 16, 17, -1, -1, 20, 21, 22, -1, 24, 25, 26, 27, 28, 29, -1, -1, -1, 33, -1, 35, 36, 37, -1, -1]",{}
27248,1777818613.5719826,15387.877079990176,0,1,469.0,556.8133634846647,1874.0,1760.9869830727619,1322.5280301264102,1553.0,276.875,277.4820853716407,33.90356487171052,"[-1, -1, 2, -1, 4, 5, 6, 7, 8, -1, 10, 11, -1, 13, 14, 15, 16, 17, -1, -1, 20, 21, 22, -1, 24, 25, 26, 27, 28, 29, -1, -1, -1, 33, -1, 35, 36, 37, -1, -1]",{}
27248,1777818613.66979,15485.31884599015,0,1,521.0,548.8053279993945,2000.0,1825.663711650949,1374.188988816481,1481.0,274.8125,275.919729151484,34.19047244560593,"[-1, -1, 2, -1, 4, 5, 6, 7, 8, -1, 10, 11, -1, 13, 14, 15, 16, 17, -1, -1, 20, 21, 22, -1, 24, 25, 26, 27, 28, 29, -1, -1, -1, 33, -1, 35, 36, 37, -1, -1]",{}
27248,1777818613.7522466,15566.450545989937,0,1,637.0,558.4244450280511,2105.0,1891.4538211958038,1391.5213297497473,1317.0,274.1875,274.85468331315576,30.82953746569265,"[-1, -1, 2, -1, 4, 5, 6, 7, 8, -1, 10, 11, -1, 13, 14, 15, 16, 17, -1, -1, 20, 21, 22, -1, 24, 25, 26, 27, 28, 29, -1, -1, -1, 33, -1, 35, 36, 37, -1, -1]",{}
27248,1777818613.9009123,15715.645225987828,0,1,638.0,566.3192890731876,2210.0,1988.9802262700498,1342.2642079191723,763.0,272.9375,273.3944758574235,44.68721861346472,"[-1, -1, 2, -1, 4, 5, 6, 7, 8, -1, 10, 11, -1, 13, 14, 15, 16, 17, -1, -1, 20, 21, 22, -1, 24, 25, 26, 27, 28, 29, -1, -1, -1, 33, -1, 35, 36, 37, -1, -1]",{}
27248,1777818614.0002692,15814.21229398893,0,1,455.0,547.7036721879354,2175.0,2051.4774126119164,1398.149747415687,1546.0,272.3125,272.5301244428954,40.5325017537107,"[-1, -1, 2, -1, 4, 5, 6, 7, 8, -1, 10, 11, -1, 13, 14, 15, 16, 17, -1, -1, 20, 21, 22, -1, 24, 25, 26, 27, 28, 29, -1, -1, -1, 33, -1, 35, 36, 37, -1, -1]",{}
27248,1777818614.200081,16013.781531985842,0,1,620.0,554.2256465613023,2443.0,2186.9762861574313,1355.5331901457482,824.0,274.125,272.99366370244655,70.10609150287452,"[-1, -1, 2, -1, 4, 5, 6, 7, 8, -1, 10, 11, -1, 13, 14, 15, 16, 17, -1, -1, 20, 21, 22, -1, 24, 25, 26, 27, 28, 29, -1, -1, -1, 33, -1, 35, 36, 37, -1, -1]",{}
27248,1777818614.349923,16163.459945986688,0,1,563.0,552.3686957310874,2469.0,2290.5365217848907,1417.671414048812,1524.0,274.5,273.52808200218846,73.29914903787639,"[-1, -1, 2, -1, 4, 5, 6, 7, 8, -1, 10, 11, -1, 13, 14, 15, 16, 17, -1, -1, 20, 21, 22, -1, 24, 25, 26, 27, 28, 29, -1, -1, -1, 33, -1, 35, 36, 37, -1, -1]",{}
27248,1777818614.4460864,16263.196723987676,0,1,652.0,566.6011376438377,2674.0,2390.542863044863,1337.0455062088147,789.0,275.25,274.1999103460819,57.36445654402431,"[-1, -1, 2, -1, 4, 5, 6, 7, 8, -1, 10, 11, -1, 13, 14, 15, 16, 17, -1, -1, 20, 21, 22, -1, 24, 25, 26, 27, 28, 29, -1, -1, -1, 33, -1, 35, 36, 37, -1, -1]",{}
27248,1777818614.5782735,16392.71735798866,0,1,597.0,569.5792934535249,2658.0,2488.5177066728725,1386.483122612461,1482.0,274.3125,274.02235098208735,62.374836364452165,"[-1, -1, 2, -1, 4, 5, 6, 7, 8, -1, 10, 11, -1, 13, 14, 15, 16, 17, -1, -1, 20, 21, 22, -1, 24, 25, 26, 27, 28, 29, -1, -1, -1, 33, -1, 35, 36, 37, -1, -1]",{}
27248,1777818614.6420121,16458.112389988855,0,1,599.0,573.2278282511223,2692.0,2546.8636530632484,1414.2159328812536,1483.0,274.0,273.88382506587647,42.308303123227304,"[-1, -1, 2, -1, 4, 5, 6, 7, 8, -1, 10, 11, -1, 13, 14, 15, 16, 17, -1, -1, 20, 21, 22, -1, 24, 25, 26, 27, 28, 29, -1, -1, -1, 33, -1, 35, 36, 37, -1, -1]",{}
27248,1777818614.722786,16538.535837988093,0,1,707.0,592.0333583269087,2799.0,2619.486030856419,1313.928697272165,622.0,271.4375,272.5988399673672,37.49980268351847,"[-1, -1, 2, -1, 4, 5, 6, 7, 8, -1, 10, 11, -1, 13, 14, 15, 16, 17, -1, -1, 20, 21, 22, -1, 24, 25, 26, 27, 28, 29, -1, -1, -1, 33, -1, 35, 36, 37, -1, -1]",{}
27248,1777818614.803455,16619.341150986656,0,1,707.0,608.1392560388817,2775.0,2678.2095694068867,1392.4906040868539,1770.0,268.875,270.69940836595885,34.00453656700324,"[-1, -1, 2, -1, 4, 5, 6, 7, 8, -1, 10, 11, -1, 13, 14, 15, 16, 17, -1, -1, 20, 21, 22, -1, 24, 25, 26, 27, 28, 29, -1, -1, -1, 33, -1, 35, 36, 37, -1, -1]",{}
27248,1777818614.86743,16683.283365986426,0,1,741.0,626.4097012086747,2807.0,2725.332020208526,1448.1357922230145,1711.0,266.8125,268.8205072630134,27.748159093220437,"[-1, -1, 2, -1, 4, 5, 6, 7, 8, -1, 10, 11, -1, 13, 14, 15, 16, 17, -1, -1, 20, 21, 22, -1, 24, 25, 26, 27, 28, 29, -1, -1, -1, 33, -1, 35, 36, 37, -1, -1]",{}
27248,1777818614.9471467,16763.951033985904,0,1,730.0,641.0202549843419,2788.0,2771.034832009491,1520.2591741035694,1863.0,267.8125,268.09027848574385,27.185031082139123,"[-1, -1, 2, -1, 4, 5, 6, 7, 8, -1, 10, 11, -1, 13, 14, 15, 16, 17, -1, -1, 20, 21, 22, -1, 24, 25, 26, 27, 28, 29, -1, -1, -1, 33, -1, 35, 36, 37, -1, -1]",{}
27248,1777818615.1680796,16987.95293398416,0,1,464.0,616.0221682053262,2543.0,2835.5781568211696,1375.451562663744,299.0,273.9375,271.15775454243624,63.194530202628286,"[-1, -1, 2, -1, 4, 5, 6, 7, 8, -1, 10, 11, -1, 13, 14, 15, 16, 17, -1, -1, 20, 21, 22, -1, 24, 25, 26, 27, 28, 29, -1, -1, -1, 33, -1, 35, 36, 37, -1, -1]",{}
27248,1777818615.2488434,17064.59168598394,0,1,665.0,623.695816268201,2923.0,2884.246794878737,1449.439424254142,1786.0,276.0625,273.48972361901934,45.11394672005427,"[-1, -1, 2, -1, 4, 5, 6, 7, 8, -1, 10, 11, -1, 13, 14, 15, 16, 17, -1, -1, 20, 21, 22, -1, 24, 25, 26, 27, 28, 29, -1, -1, -1, 33, -1, 35, 36, 37, -1, -1]",{}
27248,1777818615.3360205,17145.345703984276,0,1,599.0,620.5666710186288,2980.0,2937.0125994428913,1517.6540615559054,1812.0,278.375,275.7548722246798,39.49595509987165,"[-1, -1, 2, -1, 4, 5, 6, 7, 8, -1, 10, 11, -1, 13, 14, 15, 16, 17, -1, -1, 20, 21, 22, -1, 24, 25, 26, 27, 28, 29, -1, -1, -1, 33, -1, 35, 36, 37, -1, -1]",{}
27248,1777818615.3932214,17215.811953984485,0,1,116.0,550.7913070746414,3163.0,2994.1572065984897,1366.1983698109864,348.0,280.3125,277.7015404536428,29.218723939382745,"[-1, -1, 2, -1, 4, 5, 6, 7, 8, -1, 10, 11, -1, 13, 14, 15, 16, 17, -1, -1, 20, 21, 22, -1, 24, 25, 26, 27, 28, 29, -1, -1, -1, 33, -1, 35, 36, 37, -1, -1]",{}
27248,1777818615.4765937,17289.717941985145,0,1,656.0,563.2775586078413,3150.0,3054.0033718889986,1428.1583496387036,1742.0,281.375,279.40455993258126,29.285224303303234,"[-1, -1, 2, -1, 4, 5, 6, 7, 8, -1, 10, 11, -1, 13, 14, 15, 16, 17, -1, -1, 20, 21, 22, -1, 24, 25, 26, 27, 28, 29, -1, -1, -1, 33, -1, 35, 36, 37, -1, -1]",{}
27248,1777818615.5409875,17356.40316298486,0,1,702.0,580.4319487486715,3100.0,3090.387398379574,1482.6296357604708,1770.0,282.25,280.70224245192395,24.769581205927892,"[-1, -1, 2, -1, 4, 5, 6, 7, 8, -1, 10, 11, -1, 13, 14, 15, 16, 17, -1, -1, 20, 21, 22, -1, 24, 25, 26, 27, 28, 29, -1, -1, -1, 33, -1, 35, 36, 37, -1, -1]",{}
27248,1777818615.6069655,17420.781076983985,0,1,699.0,594.9361196647766,3199.0,3135.520260293785,1519.1424177346998,1683.0,283.8125,282.13041018904954,22.323446642440018,"[-1, -1, 2, -1, 4, 5, 6, 7, 8, -1, 10, 11, -1, 13, 14, 15, 16, 17, -1, -1, 20, 21, 22, -1, 24, 25, 26, 27, 28, 29, -1, -1, -1, 33, -1, 35, 36, 37, -1, -1]",{}
27248,1777818615.6752357,17486.758268984886,0,1,647.0,601.194945486124,3287.0,3187.171486536614,1565.1468685199295,1791.0,284.125,283.12042389624304,20.967836270276315,"[-1, -1, 2, -1, 4, 5, 6, 7, 8, -1, 10, 11, -1, 13, 14, 15, 16, 17, -1, -1, 20, 21, 22, -1, 24, 25, 26, 27, 28, 29, -1, -1, -1, 33, -1, 35, 36, 37, -1, -1]",{}
27248,1777818615.7715917,17588.42111798367,0,1,611.0,602.3390790434423,3218.0,3237.6531604750794,1617.0266435893689,1829.0,285.125,284.26748716531733,24.63105805169223,"[-1, -1, 2, -1, 4, 5, 6, 7, 8, -1, 10, 11, -1, 13, 14, 15, 16, 17, -1, -1, 20, 21, 22, -1, 24, 25, 26, 27, 28, 29, -1, -1, -1, 33, -1, 35, 36, 37, -1, -1]",{}
27248,1777818615.902438,17718.121063981016,0,1,742.0,621.360742054534,3456.0,3329.9300742221994,1654.7240874567049,1703.0,283.1875,283.9648944104243,33.6732618122473,"[-1, -1, 2, -1, 4, 5, 6, 7, 8, -1, 10, 11, -1, 13, 14, 15, 16, 17, -1, -1, 20, 21, 22, -1, 24, 25, 26, 27, 28, 29, -1, -1, -1, 33, -1, 35, 36, 37, -1, -1]",{}
27248,1777818615.9667447,17782.180612980483,0,1,736.0,636.9224148213241,3261.0,3352.208846569994,1694.7982991416466,1860.0,281.9375,283.1708137045439,25.84518922438164,"[-1, -1, 2, -1, 4, 5, 6, 7, 8, -1, 10, 11, -1, 13, 14, 15, 16, 17, -1, -1, 20, 21, 22, -1, 24, 25, 26, 27, 28, 29, -1, -1, -1, 33, -1, 35, 36, 37, -1, -1]",{}
27248,1777818616.1913946,18013.600553979813,0,1,293.0,585.5477343404563,2418.0,3310.01136981412,1514.5900584629321,258.0,285.25,284.73437646591765,61.824130584597434,"[-1, -1, 2, -1, 4, 5, 6, 7, 8, -1, 10, 11, -1, 13, 14, 15, 16, 17, -1, -1, 20, 21, 22, -1, 24, 25, 26, 27, 28, 29, -1, -1, -1, 33, -1, 35, 36, 37, -1, -1]",{}
27248,1777818616.2550251,18071.09527098055,0,1,551.0,579.8971265928217,3305.0,3335.246931273487,1589.1233566194965,1968.0,287.0,285.9521003099384,39.52835458750629,"[-1, -1, 2, -1, 4, 5, 6, 7, 8, -1, 10, 11, -1, 13, 14, 15, 16, 17, -1, -1, 20, 21, 22, -1, 24, 25, 26, 27, 28, 29, -1, -1, -1, 33, -1, 35, 36, 37, -1, -1]",{}
27248,1777818616.3195813,18134.717063980133,0,1,668.0,591.6048913571999,3459.0,3379.0951712618626,1641.8370650234792,1898.0,290.125,287.95394014471987,30.856531028155256,"[-1, -1, 2, -1, 4, 5, 6, 7, 8, -1, 10, 11, -1, 13, 14, 15, 16, 17, -1, -1, 20, 21, 22, -1, 24, 25, 26, 27, 28, 29, -1, -1, -1, 33, -1, 35, 36, 37, -1, -1]",{}
27248,1777818616.3999949,18215.982595981586,0,1,757.0,613.9250577795152,3366.0,3410.764172414518,1692.5218083759246,1916.0,295.0,291.3866052315834,29.550987212864747,"[-1, -1, 2, -1, 4, 5, 6, 7, 8, -1, 10, 11, -1, 13, 14, 15, 16, 17, -1, -1, 20, 21, 22, -1, 24, 25, 26, 27, 28, 29, -1, -1, -1, 33, -1, 35, 36, 37, -1, -1]",{}
27248,1777818616.4972954,18313.065480982914,0,1,752.0,633.3724199496232,3377.0,3446.2797413185685,1741.164814791924,1921.0,304.5625,298.1031326087187,31.80444113512346,"[-1, -1, 2, -1, 4, 5, 6, 7, 8, -1, 10, 11, -1, 13, 14, 15, 16, 17, -1, -1, 20, 21, 22, -1, 24, 25, 26, 27, 28, 29, -1, -1, -1, 33, -1, 35, 36, 37, -1, -1]",{}
27248,1777818616.5791261,18393.684481985474,0,1,822.0,659.9715520751577,3549.0,3493.8032843098476,1792.665841659719,2007.0,315.6875,306.8263674982605,29.343265967482207,"[-1, -1, 2, -1, 4, 5, 6, 7, 8, -1, 10, 11, -1, 13, 14, 15, 16, 17, -1, -1, 20, 21, 22, -1, 24, 25, 26, 27, 28, 29, -1, -1, -1, 33, -1, 35, 36, 37, -1, -1]",{}
27248,1777818616.643377,18458.803201985575,0,1,773.0,676.1776357862141,3628.0,3538.1246081351615,1810.3672313429372,1829.0,323.5625,314.73308261051983,24.406821190826193,"[-1, -1, 2, -1, 4, 5, 6, 7, 8, -1, 10, 11, -1, 13, 14, 15, 16, 17, -1, -1, 20, 21, 22, -1, 24, 25, 26, 27, 28, 29, -1, -1, -1, 33, -1, 35, 36, 37, -1, -1]",{}
27248,1777818616.7229648,18539.731866984766,0,1,720.0,684.0363067571087,3049.0,3508.02334399042,1853.3842537404557,2017.0,334.5,324.5491217261241,24.36682810464551,"[-1, -1, 2, -1, 4, 5, 6, 7, 8, -1, 10, 11, -1, 13, 14, 15, 16, 17, -1, -1, 20, 21, 22, -1, 24, 25, 26, 27, 28, 29, -1, -1, -1, 33, -1, 35, 36, 37, -1, -1]",{}
27248,1777818616.8037305,18619.322733984518,0,1,766.0,697.0059782115425,3270.0,3509.070636649248,1886.1657472029449,1974.0,344.625,334.8657014703001,24.18033063823823,"[-1, -1, 2, -1, 4, 5, 6, 7, 8, -1, 10, 11, -1, 13, 14, 15, 16, 17, -1, -1, 20, 21, 22, -1, 24, 25, 26, 27, 28, 29, -1, -1, -1, 33, -1, 35, 36, 37, -1, -1]",{}
27248,1777818616.948571,18763.82474998354,0,1,804.0,716.81811072402,3340.0,3539.642834961401,1929.6679254519245,1974.0,358.1875,349.60598558837336,36.97341544407434,"[-1, -1, 2, -1, 4, 5, 6, 7, 8, -1, 10, 11, -1, 13, 14, 15, 16, 17, -1, -1, 20, 21, 22, -1, 24, 25, 26, 27, 28, 29, -1, -1, -1, 33, -1, 35, 36, 37, -1, -1]",{}
27248,1777818617.1286023,18945.08753898299,0,1,782.0,733.8449737607864,3292.0,3564.882240554885,1978.4105966350578,1995.0,4.875,146.07160341311416,57.03396727373029,"[-1, -1, 2, -1, 4, 5, 6, 7, 8, -1, 10, 11, -1, 13, 14, 15, 16, 17, -1, -1, 20, 21, 22, -1, 24, 25, 26, 27, 28, 29, -1, -1, -1, 33, -1, 35, 36, 37, -1, -1]",{}
27248,1777818617.1939735,19008.24731998364,0,1,825.0,750.0121676381535,3314.0,3550.1047362053637,2001.1139365786562,2036.0,6.5,76.02817757365742,38.026426674403574,"[-1, -1, 2, -1, 4, 5, 6, 7, 8, -1, 10, 11, -1, 13, 14, 15, 16, 17, -1, -1, 20, 21, 22, -1, 24, 25, 26, 27, 28, 29, -1, -1, -1, 33, -1, 35, 36, 37, -1, -1]",{}
27248,1777818617.2740448,19090.312990983875,0,1,812.0,762.648771054973,3300.0,3540.38362675426,2029.8005352892396,2078.0,9.5,39.479546037687854,33.54280598478675,"[-1, -1, 2, -1, 4, 5, 6, 7, 8, -1, 10, 11, -1, 13, 14, 15, 16, 17, -1, -1, 20, 21, 22, -1, 24, 25, 26, 27, 28, 29, -1, -1, -1, 33, -1, 35, 36, 37, -1, -1]",{}
27248,1777818617.3556402,19170.405241983644,0,1,778.0,768.917364489266,3342.0,3537.997159103122,2039.791471041337,1970.0,13.0,20.743257780301228,31.093689842506546,"[-1, -1, 2, -1, 4, 5, 6, 7, 8, -1, 10, 11, -1, 13, 14, 15, 16, 17, -1, -1, 20, 21, 22, -1, 24, 25, 26, 27, 28, 29, -1, -1, -1, 33, -1, 35, 36, 37, -1, -1]",{}
27248,1777818617.4194393,19235.274742984075,0,1,846.0,782.5329596760813,3303.0,3525.645508613485,2050.3595233318515,2013.0,15.3125,12.890299694777966,25.637303601295663,"[-1, -1, 2, -1, 4, 5, 6, 7, 8, -1, 10, 11, -1, 13, 14, 15, 16, 17, -1, -1, 20, 21, 22, -1, 24, 25, 26, 27, 28, 29, -1, -1, -1, 33, -1, 35, 36, 37, -1, -1]",{}
27248,1777818617.5023026,19315.772542984632,0,1,772.0,785.7248807668101,3319.0,3521.9559348706707,2056.44293958611,1959.0,18.875,8.787918098574494,26.05619577112304,"[-1, -1, 2, -1, 4, 5, 6, 7, 8, -1, 10, 11, -1, 13, 14, 15, 16, 17, -1, -1, 20, 21, 22, -1, 24, 25, 26, 27, 28, 29, -1, -1, -1, 33, -1, 35, 36, 37, -1, -1]",{}
27248,1777818617.5689945,19381.902380983774,0,1,801.0,791.3522358167323,3265.0,3507.1800435151595,2067.6228410972085,2032.0,20.5,8.43089166488486,22.817792930508578,"[-1, -1, 2, -1, 4, 5, 6, 7, 8, -1, 10, 11, -1, 13, 14, 15, 16, 17, -1, -1, 20, 21, 22, -1, 24, 25, 26, 27, 28, 29, -1, -1, -1, 33, -1, 35, 36, 37, -1, -1]",{}
27248,1777818617.6673114,19482.264135986043,0,1,786.0,796.0771101664105,3221.0,3495.1159395734926,2084.4523038960656,2037.0,23.1875,8.328186710646381,26.476144865903574,"[-1, -1, 2, -1, 4, 5, 6, 7, 8, -1, 10, 11, -1, 13, 14, 15, 16, 17, -1, -1, 20, 21, 22, -1, 24, 25, 26, 27, 28, 29, -1, -1, -1, 33, -1, 35, 36, 37, -1, -1]",{}
27248,1777818617.7478602,19563.611907985432,0,1,809.0,802.1692119759647,3266.0,3484.8610704682114,2086.1230356540786,1968.0,25.4375,10.662650402377443,25.066715842205024,"[-1, -1, 2, -1, 4, 5, 6, 7, 8, -1, 10, 11, -1, 13, 14, 15, 16, 17, -1, -1, 20, 21, 22, -1, 24, 25, 26, 27, 28, 29, -1, -1, -1, 33, -1, 35, 36, 37, -1, -1]",{}
27248,1777818617.8956022,19710.883521986034,0,1,828.0,813.8710724372538,3166.0,3473.2304262277703,2111.3542736189356,2056.0,28.625,12.343204005190332,38.275082517490205,"[-1, -1, 2, -1, 4, 5, 6, 7, 8, -1, 10, 11, -1, 13, 14, 15, 16, 17, -1, -1, 20, 21, 22, -1, 24, 25, 26, 27, 28, 29, -1, -1, -1, 33, -1, 35, 36, 37, -1, -1]",{}
27248,1777818617.975733,19791.887498986398,0,1,946.0,836.6701149563388,3226.0,3455.6005066988146,2104.5771916383746,1949.0,29.75,16.267673798467186,31.58114561954135,"[-1, -1, 2, -1, 4, 5, 6, 7, 8, -1, 10, 11, -1, 13, 14, 15, 16, 17, -1, -1, 20, 21, 22, -1, 24, 25, 26, 27, 28, 29, -1, -1, -1, 33, -1, 35, 36, 37, -1, -1]",{}
27248,1777818618.1254647,19939.759028987282,0,1,942.0,861.642081258007,3172.0,3441.925389024708,2089.7298869580227,1820.0,31.6875,18.04041211023089,45.17304363090476,"[-1, -1, 2, -1, 4, 5, 6, 7, 8, -1, 10, 11, -1, 13, 14, 15, 16, 17, -1, -1, 20, 21, 22, -1, 24, 25, 26, 27, 28, 29, -1, -1, -1, 33, -1, 35, 36, 37, -1, -1]",{}
27248,1777818618.2226686,20038.30958198614,0,1,920.0,876.8144113338631,3038.0,3399.0813351241973,2084.5217342076808,1945.0,32.5625,21.104072299007406,40.186313729619826,"[-1, -1, 2, -1, 4, 5, 6, 7, 8, -1, 10, 11, -1, 13, 14, 15, 16, 17, -1, -1, 20, 21, 22, -1, 24, 25, 26, 27, 28, 29, -1, -1, -1, 33, -1, 35, 36, 37, -1, -1]",{}
27248,1777818618.3206158,20135.494094985916,0,1,899.0,886.9618970942252,2904.0,3341.070393486953,2088.5504973841676,2007.0,33.6875,23.2701854198229,38.37361617435682,"[-1, -1, 2, -1, 4, 5, 6, 7, 8, -1, 10, 11, -1, 13, 14, 15, 16, 17, -1, -1, 20, 21, 22, -1, 24, 25, 26, 27, 28, 29, -1, -1, -1, 33, -1, 35, 36, 37, -1, -1]",{}
27248,1777818618.4009469,20216.702367984908,0,1,1002.0,909.1010143366353,2875.0,3284.3275360544535,2083.4798899989523,1967.0,34.625,25.343954345874025,33.16273426445587,"[-1, -1, 2, -1, 4, 5, 6, 7, 8, -1, 10, 11, -1, 13, 14, 15, 16, 17, -1, -1, 20, 21, 22, -1, 24, 25, 26, 27, 28, 29, -1, -1, -1, 33, -1, 35, 36, 37, -1, -1]",{}
27248,1777818618.4998636,20313.75942098657,0,1,1458.0,995.0548333964949,2010.0,3111.8627655283735,1638.5252601376892,-1137.0,36.6875,27.259767915563337,34.47798765658922,"[-1, -1, 2, -1, 4, 5, 6, 7, 8, -1, 10, 11, -1, 13, 14, 15, 16, 17, -1, -1, 20, 21, 22, -1, 24, 25, 26, 27, 28, 29, -1, -1, -1, 33, -1, 35, 36, 37, -1, -1]",{}
27248,1777818618.5816615,20395.939609985362,0,1,979.0,1001.6562257869203,2709.0,3057.4506563140444,1678.7728860306672,1948.0,39.0625,29.94994860210619,31.001504838248845,"[-1, -1, 2, -1, 4, 5, 6, 7, 8, -1, 10, 11, -1, 13, 14, 15, 16, 17, -1, -1, 20, 21, 22, -1, 24, 25, 26, 27, 28, 29, -1, -1, -1, 33, -1, 35, 36, 37, -1, -1]",{}
27248,1777818618.6452525,20461.076570984915,0,1,1028.0,1012.0081068273021,2713.0,3011.3577829367123,1701.5506577080807,1858.0,40.875,32.542926123353936,25.29003651001587,"[-1, -1, 2, -1, 4, 5, 6, 7, 8, -1, 10, 11, -1, 13, 14, 15, 16, 17, -1, -1, 20, 21, 22, -1, 24, 25, 26, 27, 28, 29, -1, -1, -1, 33, -1, 35, 36, 37, -1, -1]",{}
27248,1777818618.7251334,20541.38091198456,0,1,953.0,1012.8820613847463,2566.0,2951.037742111046,1732.1808696447329,1939.0,41.9375,34.292932537883864,25.08705217216394,"[-1, -1, 2, -1, 4, 5, 6, 7, 8, -1, 10, 11, -1, 13, 14, 15, 16, 17, -1, -1, 20, 21, 22, -1, 24, 25, 26, 27, 28, 29, -1, -1, -1, 33, -1, 35, 36, 37, -1, -1]",{}
27248,1777818618.804065,20621.233775982546,0,1,1154.0,1039.6134749217047,2493.0,2887.8954510591,1753.9670271706282,1897.0,42.8125,35.89538781863781,24.35860403343617,"[-1, -1, 2, -1, 4, 5, 6, 7, 8, -1, 10, 11, -1, 13, 14, 15, 16, 17, -1, -1, 20, 21, 22, -1, 24, 25, 26, 27, 28, 29, -1, -1, -1, 33, -1, 35, 36, 37, -1, -1]",{}
27248,1777818618.8692968,20683.448123983,0,1,1310.0,1081.2855356195603,2533.0,2838.5295455523333,1743.9509010882737,1669.0,43.9375,37.58023790827433,21.308081089362755,"[-1, -1, 2, -1, 4, 5, 6, 7, 8, -1, 10, 11, -1, 13, 14, 15, 16, 17, -1, -1, 20, 21, 22, -1, 24, 25, 26, 27, 28, 29, -1, -1, -1, 33, -1, 35, 36, 37, -1, -1]",{}
27248,1777818618.9448476,20765.368721982668,0,1,1474.0,1140.2426372174384,1932.0,2718.0733809879043,1440.3838081703211,-672.0,44.125,38.55884895056678,21.144248795927655,"[-1, -1, 2, -1, 4, 5, 6, 7, 8, -1, 10, 11, -1, 13, 14, 15, 16, 17, -1, -1, 20, 21, 22, -1, 24, 25, 26, 27, 28, 29, -1, -1, -1, 33, -1, 35, 36, 37, -1, -1]",{}
27248,1777818619.1253927,20941.36273998447,0,1,1435.0,1208.4550282043856,2280.0,2631.982715471755,1451.314881200841,1658.0,42.6875,37.68348668081531,42.166454148832045,"[-1, -1, 2, -1, 4, 5, 6, 7, 8, -1, 10, 11, -1, 13, 14, 15, 16, 17, -1, -1, 20, 21, 22, -1, 24, 25, 26, 27, 28, 29, -1, -1, -1, 33, -1, 35, 36, 37, -1, -1]",{}
27248,1777818619.2230158,21038.099611983853,0,1,1435.0,1256.413206016807,2173.0,2551.291099273709,1463.9843443011741,1607.0,43.625,38.93270073511257,37.33272616376249,"[-1, -1, 2, -1, 4, 5, 6, 7, 8, -1, 10, 11, -1, 13, 14, 15, 16, 17, -1, -1, 20, 21, 22, -1, 24, 25, 26, 27, 28, 29, -1, -1, -1, 33, -1, 35, 36, 37, -1, -1]",{}
27248,1777818619.3138187,21135.69164098317,0,1,1393.0,1291.2441062338407,2131.0,2475.5556474318073,1308.871870526219,431.0,44.3125,39.93563015454231,34.249473459633315,"[-1, -1, 2, -1, 4, 5, 6, 7, 8, -1, 10, 11, -1, 13, 14, 15, 16, 17, -1, -1, 20, 21, 22, -1, 24, 25, 26, 27, 28, 29, -1, -1, -1, 33, -1, 35, 36, 37, -1, -1]",{}
27248,1777818619.375487,21193.12230398282,0,1,1509.0,1331.7267143334707,2049.0,2405.3956482844483,1320.3265348779435,1461.0,45.0,41.03671469861661,26.54419639564483,"[-1, -1, 2, -1, 4, 5, 6, 7, 8, -1, 10, 11, -1, 13, 14, 15, 16, 17, -1, -1, 20, 21, 22, -1, 24, 25, 26, 27, 28, 29, -1, -1, -1, 33, -1, 35, 36, 37, -1, -1]",{}
27248,1777818619.4723558,21288.18039898397,0,1,1474.0,1369.4347333797323,2048.0,2335.0540143911367,1327.2479744055806,1470.0,45.8125,41.755466932054986,29.423483430840772,"[-1, -1, 2, -1, 4, 5, 6, 7, 8, -1, 10, 11, -1, 13, 14, 15, 16, 17, -1, -1, 20, 21, 22, -1, 24, 25, 26, 27, 28, 29, -1, -1, -1, 33, -1, 35, 36, 37, -1, -1]",{}
27248,1777818619.5695996,21385.063655983686,0,1,1593.0,1419.1671173884683,1897.0,2251.438555702259,1329.6552414382493,1437.0,45.9375,42.38568168937817,30.763572035299767,"[-1, -1, 2, -1, 4, 5, 6, 7, 8, -1, 10, 11, -1, 13, 14, 15, 16, 17, -1, -1, 20, 21, 22, -1, 24, 25, 26, 27, 28, 29, -1, -1, -1, 33, -1, 35, 36, 37, -1, -1]",{}
27248,1777818619.6719062,21482.286316983846,0,1,1597.0,1464.9814114623207,1826.0,2165.3646768255135,1326.678276368485,1399.0,44.375,42.032033647413364,32.59690480163171,"[-1, -1, 2, -1, 4, 5, 6, 7, 8, -1, 10, 11, -1, 13, 14, 15, 16, 17, -1, -1, 20, 21, 22, -1, 24, 25, 26, 27, 28, 29, -1, -1, -1, 33, -1, 35, 36, 37, -1, -1]",{}
27248,1777818619.7522926,21567.912093983978,0,1,1578.0,1497.6903412791821,1818.0,2095.0036230839096,1320.412166742904,1351.0,43.125,41.4955113420766,29.031835708650064,"[-1, -1, 2, -1, 4, 5, 6, 7, 8, -1, 10, 11, -1, 13, 14, 15, 16, 17, -1, -1, 20, 21, 22, -1, 24, 25, 26, 27, 28, 29, -1, -1, -1, 33, -1, 35, 36, 37, -1, -1]",{}
27248,1777818619.897665,21717.993651984216,0,1,1667.0,1554.0889674924297,1647.0,1985.9422241521568,1268.9962906871617,1085.0,44.3125,41.46714662347717,41.87853165842117,"[-1, -1, 2, -1, 4, 5, 6, 7, 8, -1, 10, 11, -1, 13, 14, 15, 16, 17, -1, -1, 20, 21, 22, -1, 24, 25, 26, 27, 28, 29, -1, -1, -1, 33, -1, 35, 36, 37, -1, -1]",{}
27248,1777818619.9782948,21793.645711984027,0,1,1741.0,1598.948876441848,1642.0,1910.8948738940603,1257.5924241711307,1262.0,43.75,41.67871444445779,34.09903356096961,"[-1, -1, 2, -1, 4, 5, 6, 7, 8, -1, 10, 11, -1, 13, 14, 15, 16, 17, -1, -1, 20, 21, 22, -1, 24, 25, 26, 27, 28, 29, -1, -1, -1, 33, -1, 35, 36, 37, -1, -1]",{}
27248,1777818620.1973984,21958.40790098555,0,1,1847.0,1690.1339976925203,1442.0,1760.7743347433204,1168.4418069533126,885.0,41.9375,40.15017575432056,70.55981057526662,"[0, 1, -1, 3, 4, -1, 6, 7, 8, 9, -1, 11, 12, 13, -1, 15, 16, 17, -1, -1, 20, -1, 22, 23, -1, 25, -1, 27, -1, -1, 30, 31, 32, -1, 34, 35, 36, 37, -1, -1]",{}
27248,1777818620.2618372,22076.631040986285,0,1,1921.0,1741.4056105537027,1500.0,1697.436687931897,1167.1241489757533,1222.0,41.625,40.24703744254952,44.13519141924876,"[0, 1, -1, 3, 4, -1, 6, 7, 8, 9, -1, 11, 12, 13, -1, 15, 16, 17, -1, -1, 20, -1, 22, 23, -1, 25, -1, 27, -1, -1, 30, 31, 32, -1, 34, 35, 36, 37, -1, -1]",{}
27248,1777818620.3367395,22157.752021986198,0,1,1723.0,1758.0428365373334,1467.0,1635.346234929504,996.9541915239364,85.0,41.875,40.27058937209356,36.26825086313555,"[0, 1, -1, 3, 4, -1, 6, 7, 8, 9, -1, 11, 12, 13, -1, 15, 16, 17, -1, -1, 20, -1, 22, 23, -1, 25, -1, 27, -1, -1, 30, 31, 32, -1, 34, 35, 36, 37, -1, -1]",{}
27248,1777818620.4182553,22232.644666984925,0,1,1982.0,1811.0328765542667,1379.0,1566.9602989438422,997.6507392701955,1120.0,41.5625,40.118641186016774,33.29966196544137,"[0, 1, -1, 3, 4, -1, 6, 7, 8, 9, -1, 11, 12, 13, -1, 15, 16, 17, -1, -1, 20, -1, 22, 23, -1, 25, -1, 27, -1, -1, 30, 31, 32, -1, 34, 35, 36, 37, -1, -1]",{}
27248,1777818620.5156596,22330.8640019859,0,1,1978.0,1860.983086766625,1322.0,1492.9121436448968,996.8088322403273,1128.0,39.8125,39.156901077601894,34.67469959275028,"[0, 1, -1, 3, 4, -1, 6, 7, 8, 9, -1, 11, 12, 13, -1, 15, 16, 17, -1, -1, 20, -1, 22, 23, -1, 25, -1, 27, -1, -1, 30, 31, 32, -1, 34, 35, 36, 37, -1, -1]",{}
27248,1777818620.649523,22463.023109986352,0,1,2026.0,1922.238871497116,1244.0,1400.989645502592,1011.7127312674544,1267.0,39.875,38.563673523149106,44.14674293350022,"[0, 1, -1, 3, 4, -1, 6, 7, 8, 9, -1, 11, 12, 13, -1, 15, 16, 17, -1, -1, 20, -1, 22, 23, -1, 25, -1, 27, -1, -1, 30, 31, 32, -1, 34, 35, 36, 37, -1, -1]",{}
27248,1777818620.7627332,22578.80685398777,0,1,2088.0,1978.9142347127174,1178.0,1319.9671942531836,1002.9498587714603,1083.0,37.6875,37.30687577702892,44.4157495739171,"[0, 1, -1, 3, 4, -1, 6, 7, 8, 9, -1, 11, 12, 13, -1, 15, 16, 17, -1, -1, 20, -1, 22, 23, -1, 25, -1, 27, -1, -1, 30, 31, 32, -1, 34, 35, 36, 37, -1, -1]",{}
27248,1777818620.894634,22708.65809798852,0,1,2118.0,2038.2259404918714,1028.0,1218.4254342393697,1004.96213029425,1157.0,35.25,35.31219972326141,50.564666952576566,"[0, 1, -1, 3, 4, -1, 6, 7, 8, 9, -1, 11, 12, 13, -1, 15, 16, 17, -1, -1, 20, -1, 22, 23, -1, 25, -1, 27, -1, -1, 30, 31, 32, -1, 34, 35, 36, 37, -1, -1]",{}
27248,1777818620.9917772,22808.002752987704,0,1,2151.0,2083.817553800673,1015.0,1144.6014965545178,1017.5158393351585,1187.0,36.0625,34.993803293573876,44.397765595088174,"[0, 1, -1, 3, 4, -1, 6, 7, 8, 9, -1, 11, 12, 13, -1, 15, 16, 17, -1, -1, 20, -1, 22, 23, -1, 25, -1, 27, -1, -1, 30, 31, 32, -1, 34, 35, 36, 37, -1, -1]",{}
27248,1777818621.0729954,22887.640304988963,0,1,2122.0,2113.7250527537335,1025.0,1090.2405925308717,1007.714094092095,1031.0,37.0,35.35401208277674,37.287868264817334,"[0, 1, -1, 3, 4, -1, 6, 7, 8, 9, -1, 11, 12, 13, -1, 15, 16, 17, -1, -1, 20, -1, 22, 23, -1, 25, -1, 27, -1, -1, 30, 31, 32, -1, 34, 35, 36, 37, -1, -1]",{}
27248,1777818621.1349363,22952.131273988016,0,1,2156.0,2138.34125339497,1012.0,1050.7654020103703,1009.0781202601233,1082.0,37.25,35.72755697098593,29.009638942034048,"[0, 1, -1, 3, 4, -1, 6, 7, 8, 9, -1, 11, 12, 13, -1, 15, 16, 17, -1, -1, 20, -1, 22, 23, -1, 25, -1, 27, -1, -1, 30, 31, 32, -1, 34, 35, 36, 37, -1, -1]",{}
27248,1777818621.1992488,23014.045644988983,0,1,2171.0,2162.352369974383,1031.0,1018.08960330007,1015.6086989002384,1126.0,36.9375,35.79273716235729,24.970001953645742,"[0, 1, -1, 3, 4, -1, 6, 7, 8, 9, -1, 11, 12, 13, -1, 15, 16, 17, -1, -1, 20, -1, 22, 23, -1, 25, -1, 27, -1, -1, 30, 31, 32, -1, 34, 35, 36, 37, -1, -1]",{}
27248,1777818621.2574003,23078.353839988267,0,1,2152.0,2178.941462058117,1060.0,996.1628988380472,966.5946524064154,694.0,36.75,35.78938118487047,21.187767540497347,"[0, 1, -1, 3, 4, -1, 6, 7, 8, 9, -1, 11, 12, 13, -1, 15, 16, 17, -1, -1, 20, -1, 22, 23, -1, 25, -1, 27, -1, -1, 30, 31, 32, -1, 34, 35, 36, 37, -1, -1]",{}
27248,1777818621.4155505,23232.8422799892,0,1,2161.0,2224.1188460468193,1079.0,935.4027555185312,1001.2683809101683,1378.0,36.5,35.375863125410675,38.40809665840694,"[0, 1, -1, 3, 4, -1, 6, 7, 8, 9, -1, 11, 12, 13, -1, 15, 16, 17, -1, -1, 20, -1, 22, 23, -1, 25, -1, 27, -1, -1, 30, 31, 32, -1, 34, 35, 36, 37, -1, -1]",{}
27248,1777818621.5072007,23328.05981698948,0,1,1826.0,2195.515058991209,1117.0,919.7023781265842,825.3321958330356,-170.0,35.3125,34.87096749977958,34.294159724662066,"[0, 1, -1, 3, 4, -1, 6, 7, 8, 9, -1, 11, 12, 13, -1, 15, 16, 17, -1, -1, 20, -1, 22, 23, -1, 25, -1, 27, -1, -1, 30, 31, 32, -1, 34, 35, 36, 37, -1, -1]",{}
27248,1777818621.6376936,23453.101840987074,0,1,2197.0,2231.2666640732405,912.0,861.9738817847822,842.5685124417959,1109.0,31.125,32.25140875145863,42.10160856798436,"[0, 1, -1, 3, 4, -1, 6, 7, 8, 9, -1, 11, 12, 13, -1, 15, 16, 17, -1, -1, 20, -1, 22, 23, -1, 25, -1, 27, -1, -1, 30, 31, 32, -1, 34, 35, 36, 37, -1, -1]",{}
27248,1777818621.7171276,23533.50736698667,0,1,2210.0,2249.7959184727433,893.0,832.0307679891171,854.4690421964787,1021.0,23.6875,27.680000563996508,34.34080635302518,"[0, 1, -1, 3, 4, -1, 6, 7, 8, 9, -1, 11, 12, 13, -1, 15, 16, 17, -1, -1, 20, -1, 22, 23, -1, 25, -1, 27, -1, -1, 30, 31, 32, -1, 34, 35, 36, 37, -1, -1]",{}
27248,1777818621.8128617,23629.651432986066,0,1,2249.0,2275.4320862577897,866.0,795.7956186897635,872.9279162573083,1092.0,15.875,21.27375501156943,34.3631166584266,"[0, 1, -1, 3, 4, -1, 6, 7, 8, 9, -1, 11, 12, 13, -1, 15, 16, 17, -1, -1, 20, -1, 22, 23, -1, 25, -1, 27, -1, -1, 30, 31, 32, -1, 34, 35, 36, 37, -1, -1]",{}
27248,1777818621.891682,23708.64701298524,0,1,2293.0,2299.0153717330727,916.0,778.8596955550122,877.3692404574359,988.0,7.1875,14.018136612521019,30.35318080075468,"[0, 1, -1, 3, 4, -1, 6, 7, 8, 9, -1, 11, 12, 13, -1, 15, 16, 17, -1, -1, 20, -1, 22, 23, -1, 25, -1, 27, -1, -1, 30, 31, 32, -1, 34, 35, 36, 37, -1, -1]",{}
27248,1777818621.9836414,23804.158787987035,0,1,2273.0,2320.0747261591137,857.0,751.2527793955161,813.5881621875002,508.0,3.4375,7.9854737518947285,30.819875521870053,"[0, 1, -1, 3, 4, -1, 6, 7, 8, 9, -1, 11, 12, 13, -1, 15, 16, 17, -1, -1, 20, -1, 22, 23, -1, 25, -1, 27, -1, -1, 30, 31, 32, -1, 34, 35, 36, 37, -1, -1]",{}
27248,1777818622.0460951,23862.700529986796,0,1,2281.0,2331.564746805316,823.0,734.926260394202,780.3885297128905,638.0,3.375,5.159267465727699,24.80174664886623,"[0, 1, -1, 3, 4, -1, 6, 7, 8, 9, -1, 11, 12, 13, -1, 15, 16, 17, -1, -1, 20, -1, 22, 23, -1, 25, -1, 27, -1, -1, 30, 31, 32, -1, 34, 35, 36, 37, -1, -1]",{}
27248,1777818622.109441,23925.14815398681,0,1,2364.0,2352.5119852463404,813.0,718.9377428422181,766.3211612580536,754.0,2.1875,3.0249765856032624,21.706280256291056,"[0, 1, -1, 3, 4, -1, 6, 7, 8, 9, -1, 11, 12, 13, -1, 15, 16, 17, -1, -1, 20, -1, 22, 23, -1, 25, -1, 27, -1, -1, 30, 31, 32, -1, 34, 35, 36, 37, -1, -1]",{}
27248,1777818622.2220652,24038.636145986857,0,1,2338.0,2380.3241496832566,743.0,676.8461142432205,734.3689309130152,669.0,4.4375,2.3381712083763775,28.54036707635101,"[0, 1, -1, 3, 4, -1, 6, 7, 8, 9, -1, 11, 12, 13, -1, 15, 16, 17, -1, -1, 20, -1, 22, 23, -1, 25, -1, 27, -1, -1, 30, 31, 32, -1, 34, 35, 36, 37, -1, -1]",{}
27248,1777818622.2819574,24101.101139985985,0,1,2382.0,2396.2959529745676,726.0,659.1639317268235,681.7218390180362,405.0,5.8125,3.0916675447287885,22.451334112025034,"[0, 1, -1, 3, 4, -1, 6, 7, 8, 9, -1, 11, 12, 13, -1, 15, 16, 17, -1, -1, 20, -1, 22, 23, -1, 25, -1, 27, -1, -1, 30, 31, 32, -1, 34, 35, 36, 37, -1, -1]",{}
27248,1777818622.3466115,24160.986218985272,0,1,2415.0,2415.6529571005053,724.0,641.5336721930355,663.5593267697244,635.0,7.4375,4.1507876616797486,20.151989948548653,"[0, 1, -1, 3, 4, -1, 6, 7, 8, 9, -1, 11, 12, 13, -1, 15, 16, 17, -1, -1, 20, -1, 22, 23, -1, 25, -1, 27, -1, -1, 30, 31, 32, -1, 34, 35, 36, 37, -1, -1]",{}
27248,1777818622.4100897,24225.636632984788,0,1,2458.0,2437.5874404794954,709.0,624.7291990098915,646.2402271801757,622.0,8.0625,5.065800612830612,18.46316194219137,"[0, 1, -1, 3, 4, -1, 6, 7, 8, 9, -1, 11, 12, 13, -1, 15, 16, 17, -1, -1, 20, -1, 22, 23, -1, 25, -1, 27, -1, -1, 30, 31, 32, -1, 34, 35, 36, 37, -1, -1]",{}
27248,1777818622.5359762,24356.857196985402,0,1,2483.0,2476.5864885262004,666.0,581.5626688905346,645.7152751500474,827.0,8.75,5.801966155964779,27.632665095136865,"[0, 1, -1, 3, 4, -1, 6, 7, 8, 9, -1, 11, 12, 13, -1, 15, 16, 17, -1, -1, 20, -1, 22, 23, -1, 25, -1, 27, -1, -1, 30, 31, 32, -1, 34, 35, 36, 37, -1, -1]",{}
27248,1777818622.7214794,24533.251140985158,0,1,2509.0,2529.165571437759,703.0,530.6236187036212,593.7122798511728,518.0,10.625,7.438840614484951,48.96971789557031,"[0, 1, -1, 3, 4, -1, 6, 7, 8, 9, -1, 11, 12, 13, -1, 15, 16, 17, -1, -1, 20, -1, 22, 23, -1, 25, -1, 27, -1, -1, 30, 31, 32, -1, 34, 35, 36, 37, -1, -1]",{}
27248,1777818622.7836893,24600.417598985587,0,1,2490.0,2539.693988610636,724.0,535.342104649966,615.8295425118321,831.0,11.5,8.918223149340655,32.819617738131996,"[0, 1, -1, 3, 4, -1, 6, 7, 8, 9, -1, 11, 12, 13, -1, 15, 16, 17, -1, -1, 20, -1, 22, 23, -1, 25, -1, 27, -1, -1, 30, 31, 32, -1, 34, 35, 36, 37, -1, -1]",{}
27248,1777818622.8965847,24713.007008987915,0,1,2481.0,2559.909407982646,735.0,524.6252716072227,575.1654715340212,467.0,12.125,9.866419009500099,37.42078312531699,"[0, 1, -1, 3, 4, -1, 6, 7, 8, 9, -1, 11, 12, 13, -1, 15, 16, 17, -1, -1, 20, -1, 22, 23, -1, 25, -1, 27, -1, -1, 30, 31, 32, -1, 34, 35, 36, 37, -1, -1]",{}
27248,1777818622.959104,24775.503649987513,0,1,2519.0,2569.9724579017206,675.0,524.1016394666309,582.0193992962193,706.0,14.0625,11.372073184680044,28.3230207738621,"[0, 1, -1, 3, 4, -1, 6, 7, 8, 9, -1, 11, 12, 13, -1, 15, 16, 17, -1, -1, 20, -1, 22, 23, -1, 25, -1, 27, -1, -1, 30, 31, 32, -1, 34, 35, 36, 37, -1, -1]",{}
27248,1777818623.0170803,24838.0237179872,0,1,2566.0,2583.9204963687184,663.0,523.0751669471977,571.9318345072263,581.0,15.8125,12.919254947797473,22.964229996753286,"[0, 1, -1, 3, 4, -1, 6, 7, 8, 9, -1, 11, 12, 13, -1, 15, 16, 17, -1, -1, 20, -1, 22, 23, -1, 25, -1, 27, -1, -1, 30, 31, 32, -1, 34, 35, 36, 37, -1, -1]",{}
27248,1777818623.147415,24962.77226298662,0,1,2538.0,2609.6083279630416,669.0,501.61056361021355,548.3108198220773,561.0,16.125,14.06395269041592,33.86892343793416,"[0, 1, -1, 3, 4, -1, 6, 7, 8, 9, -1, 11, 12, 13, -1, 15, 16, 17, -1, -1, 20, -1, 22, 23, -1, 25, -1, 27, -1, -1, 30, 31, 32, -1, 34, 35, 36, 37, -1, -1]",{}
27248,1777818623.2105231,25026.316022986066,0,1,2477.0,2607.242420921677,713.0,510.15732597439205,572.1469829180683,807.0,17.5625,15.411981682607097,26.014040770740205,"[0, 1, -1, 3, 4, -1, 6, 7, 8, 9, -1, 11, 12, 13, -1, 15, 16, 17, -1, -1, 20, -1, 22, 23, -1, 25, -1, 27, -1, -1, 30, 31, 32, -1, 34, 35, 36, 37, -1, -1]",{}
27248,1777818623.2745156,25089.42047198616,0,1,2543.0,2614.0720555420426,632.0,506.6283299426953,556.4502671482007,528.0,18.0625,16.352955346952907,22.367587219034892,"[0, 1, -1, 3, 4, -1, 6, 7, 8, 9, -1, 11, 12, 13, -1, 15, 16, 17, -1, -1, 20, -1, 22, 23, -1, 25, -1, 27, -1, -1, 30, 31, 32, -1, 34, 35, 36, 37, -1, -1]",{}
27248,1777818623.3342254,25153.405132985426,0,1,2501.0,2613.8874126275555,650.0,506.90891387596923,549.2914620563514,575.0,19.75,17.605169624936487,19.452583698367523,"[0, 1, -1, 3, 4, -1, 6, 7, 8, 9, -1, 11, 12, 13, -1, 15, 16, 17, -1, -1, 20, -1, 22, 23, -1, 25, -1, 27, -1, -1, 30, 31, 32, -1, 34, 35, 36, 37, -1, -1]",{}
27248,1777818623.3921683,25213.11741898535,0,1,2527.0,2616.568682892328,650.0,507.53836747707965,534.6628387404535,504.0,22.625,19.52905877630032,17.309205222945295,"[0, 1, -1, 3, 4, -1, 6, 7, 8, 9, -1, 11, 12, 13, -1, 15, 16, 17, -1, -1, 20, -1, 22, 23, -1, 25, -1, 27, -1, -1, 30, 31, 32, -1, 34, 35, 36, 37, -1, -1]",{}
27248,1777818623.4689095,25287.74482798508,0,1,2449.0,2613.3408316478685,528.0,488.5379235408829,508.5174489545206,420.0,25.625,22.09155621680141,18.537785660411032,"[0, 1, -1, 3, 4, -1, 6, 7, 8, 9, -1, 11, 12, 13, -1, 15, 16, 17, -1, -1, 20, -1, 22, 23, -1, 25, -1, 27, -1, -1, 30, 31, 32, -1, 34, 35, 36, 37, -1, -1]",{}
27248,1777818623.5497973,25364.746986984755,0,1,2592.0,2627.9728742431967,581.0,477.39690094142804,480.3744216508131,387.0,25.4375,23.583997309162907,19.607275799234095,"[0, 1, -1, 3, 4, -1, 6, 7, 8, 9, -1, 11, 12, 13, -1, 15, 16, 17, -1, -1, 20, -1, 22, 23, -1, 25, -1, 27, -1, -1, 30, 31, 32, -1, 34, 35, 36, 37, -1, -1]",{}
27248,1777818623.6172113,25428.672056984396,0,1,2611.0,2640.1809767981417,615.0,475.6556999048638,439.4448826508873,236.0,26.125,24.713509985423542,18.133954622413075,"[0, 1, -1, 3, 4, -1, 6, 7, 8, 9, -1, 11, 12, 13, -1, 15, 16, 17, -1, -1, 20, -1, 22, 23, -1, 25, -1, 27, -1, -1, 30, 31, 32, -1, 34, 35, 36, 37, -1, -1]",{}
27248,1777818623.6921513,25512.844890984525,0,1,2513.0,2640.562567855267,521.0,461.33735760289267,454.2503385736401,675.0,28.375,26.388089287405965,18.358742919995922,"[0, 1, -1, 3, 4, -1, 6, 7, 8, 9, -1, 11, 12, 13, -1, 15, 16, 17, -1, -1, 20, -1, 22, 23, -1, 25, -1, 27, -1, -1, 30, 31, 32, -1, 34, 35, 36, 37, -1, -1]",{}
27248,1777818623.7734206,25587.754055984078,0,1,2683.0,2662.1693640465205,525.0,447.93566580827843,427.4708832642615,347.0,30.1875,28.21757404621487,19.349388349642805,"[0, 1, -1, 3, 4, -1, 6, 7, 8, 9, -1, 11, 12, 13, -1, 15, 16, 17, -1, -1, 20, -1, 22, 23, -1, 25, -1, 27, -1, -1, 30, 31, 32, -1, 34, 35, 36, 37, -1, -1]",{}
27248,1777818623.8877835,25702.395738986525,0,1,2691.0,2688.9660662899787,576.0,435.39150295297316,364.99257596008187,95.0,32.3125,30.473918966032617,25.389315585024967,"[0, 1, -1, 3, 4, -1, 6, 7, 8, 9, -1, 11, 12, 13, -1, 15, 16, 17, -1, -1, 20, -1, 22, 23, -1, 25, -1, 27, -1, -1, 30, 31, 32, -1, 34, 35, 36, 37, -1, -1]",{}
27248,1777818623.9857635,25800.079046985047,0,1,2700.0,2710.1439175378114,535.0,424.5357039162718,316.5978636732168,137.0,32.9375,31.921941188134166,26.6517403705598,"[0, 1, -1, 3, 4, -1, 6, 7, 8, 9, -1, 11, 12, 13, -1, 15, 16, 17, -1, -1, 20, -1, 22, 23, -1, 25, -1, 27, -1, -1, 30, 31, 32, -1, 34, 35, 36, 37, -1, -1]",{}
27248,1777818624.0501008,25864.63144298523,0,1,2706.0,2722.5845672602245,701.0,444.4803774357637,275.0603147376003,92.0,33.0625,32.61517166701195,21.83488485782289,"[0, 1, -1, 3, 4, -1, 6, 7, 8, 9, -1, 11, 12, 13, -1, 15, 16, 17, -1, -1, 20, -1, 22, 23, -1, 25, -1, 27, -1, -1, 30, 31, 32, -1, 34, 35, 36, 37, -1, -1]",{}
27248,1777818624.1146736,25928.954452985636,0,1,2673.0,2729.403689227567,450.0,430.69665802336203,257.2784411976333,242.0,32.9375,32.95193895657261,19.47115184184416,"[0, 1, -1, 3, 4, -1, 6, 7, 8, 9, -1, 11, 12, 13, -1, 15, 16, 17, -1, -1, 20, -1, 22, 23, -1, 25, -1, 27, -1, -1, 30, 31, 32, -1, 34, 35, 36, 37, -1, -1]",{}
27248,1777818624.2125633,26026.92164698601,0,1,2641.0,2737.382746908303,585.0,428.723415068695,209.88082050213922,49.0,33.875,33.66688111485856,23.354408397862905,"[0, 1, -1, 3, 4, -1, 6, 7, 8, 9, -1, 11, 12, 13, -1, 15, 16, 17, -1, -1, 20, -1, 22, 23, -1, 25, -1, 27, -1, -1, 30, 31, 32, -1, 34, 35, 36, 37, -1, -1]",{}
27248,1777818624.2940528,26108.111312987603,0,1,2528.0,2726.17837231515,779.0,456.2291703684338,176.6255363620134,91.0,34.5,34.29429057402249,22.786108298357227,"[0, 1, -1, 3, 4, -1, 6, 7, 8, 9, -1, 11, 12, 13, -1, 15, 16, 17, -1, -1, 20, -1, 22, 23, -1, 25, -1, 27, -1, -1, 30, 31, 32, -1, 34, 35, 36, 37, -1, -1]",{}
27248,1777818624.3749213,26189.574864987662,0,1,2670.0,2733.515480557681,654.0,465.87481280598206,145.31534782557077,75.0,36.8125,35.7015423253425,22.447400528684945,"[0, 1, -1, 3, 4, -1, 6, 7, 8, 9, -1, 11, 12, 13, -1, 15, 16, 17, -1, -1, 20, -1, 22, 23, -1, 25, -1, 27, -1, -1, 30, 31, 32, -1, 34, 35, 36, 37, -1, -1]",{}
27248,1777818624.4411852,26253.725654987647,0,1,2741.0,2746.1309554320756,510.0,459.2934006031747,121.68318945793118,79.0,37.1875,36.5844656806507,19.878723763245965,"[0, 1, -1, 3, 4, -1, 6, 7, 8, 9, -1, 11, 12, 13, -1, 15, 16, 17, -1, -1, 20, -1, 22, 23, -1, 25, -1, 27, -1, -1, 30, 31, 32, -1, 34, 35, 36, 37, -1, -1]",{}
27248,1777818624.5186925,26336.684762986806,0,1,2765.0,2762.127163820209,37.0,392.689690366441,162.08452600028778,591.0,39.1875,38.02949151159184,20.146039654473288,"[0, 1, -1, 3, 4, -1, 6, 7, 8, 9, -1, 11, 12, 13, -1, 15, 16, 17, -1, -1, 20, -1, 22, 23, -1, 25, -1, 27, -1, -1, 30, 31, 32, -1, 34, 35, 36, 37, -1, -1]",{}
27248,1777818624.6504924,26464.515496987588,0,1,2742.0,2782.3868272693467,737.0,412.82593453422874,102.04876164141852,-82.0,38.9375,38.95302678982006,29.735202966664783,"[0, 1, -1, 3, 4, -1, 6, 7, 8, 9, -1, 11, 12, 13, -1, 15, 16, 17, -1, -1, 20, -1, 22, 23, -1, 25, -1, 27, -1, -1, 30, 31, 32, -1, 34, 35, 36, 37, -1, -1]",{}
27248,1777818624.766632,26579.35827098845,0,1,2621.0,2779.6954264156457,719.0,435.0004033814508,78.80191137751042,116.0,39.625,39.698814849684496,33.42354745156091,"[0, 1, -1, 3, 4, -1, 6, 7, 8, 9, -1, 11, 12, 13, -1, 15, 16, 17, -1, -1, 20, -1, 22, 23, -1, 25, -1, 27, -1, -1, 30, 31, 32, -1, 34, 35, 36, 37, -1, -1]",{}
27248,1777818624.8995697,26712.201502986318,0,1,2577.0,2771.077294104113,631.0,442.8989736116603,86.22789207219162,322.0,35.9375,38.07356363681804,40.69582382459779,"[0, 1, -1, 3, 4, -1, 6, 7, 8, 9, -1, 11, 12, 13, -1, 15, 16, 17, -1, -1, 20, -1, 22, 23, -1, 25, -1, 27, -1, -1, 30, 31, 32, -1, 34, 35, 36, 37, -1, -1]",{}
27248,1777818624.9634628,26778.32834498713,0,1,2498.0,2742.3345711904867,747.0,476.07569712650877,108.57904870323478,337.0,36.75,37.65081260431839,29.580952341078316,"[0, 1, -1, 3, 4, -1, 6, 7, 8, 9, -1, 11, 12, 13, -1, 15, 16, 17, -1, -1, 20, -1, 22, 23, -1, 25, -1, 27, -1, -1, 30, 31, 32, -1, 34, 35, 36, 37, -1, -1]",{}
27248,1777818625.0460458,26858.90922098588,0,1,2802.0,2761.400114526499,858.0,517.9706858874952,55.50979401015788,-167.0,41.0,39.422071045244046,28.236229616232084,"[0, 1, -1, 3, 4, -1, 6, 7, 8, 9, -1, 11, 12, 13, -1, 15, 16, 17, -1, -1, 20, -1, 22, 23, -1, 25, -1, 27, -1, -1, 30, 31, 32, -1, 34, 35, 36, 37, -1, -1]",{}
27248,1777818625.1878536,27002.410810986476,0,1,2658.0,2765.0615782704176,640.0,520.895954039381,26.315865966575092,46.0,43.125,41.80529333826348,40.43694490257169,"[0, 1, -1, 3, 4, -1, 6, 7, 8, 9, -1, 11, 12, 13, -1, 15, 16, 17, -1, -1, 20, -1, 22, 23, -1, 25, -1, 27, -1, -1, 30, 31, 32, -1, 34, 35, 36, 37, -1, -1]",{}
27248,1777818625.2853189,27100.003136984924,0,1,2747.0,2774.6767872824294,497.0,507.89982198467345,20.67507241745337,118.0,41.375,41.91578376825162,37.217212084770495,"[0, 1, -1, 3, 4, -1, 6, 7, 8, 9, -1, 11, 12, 13, -1, 15, 16, 17, -1, -1, 20, -1, 22, 23, -1, 25, -1, 27, -1, -1, 30, 31, 32, -1, 34, 35, 36, 37, -1, -1]",{}
27248,1777818625.3484182,27164.044298985573,0,1,2704.0,2772.7603028281765,539.0,505.95182724486426,29.932186392887978,174.0,42.8125,42.543254498219724,28.264033785284827,"[0, 1, -1, 3, 4, -1, 6, 7, 8, 9, -1, 11, 12, 13, -1, 15, 16, 17, -1, -1, 20, -1, 22, 23, -1, 25, -1, 27, -1, -1, 30, 31, 32, -1, 34, 35, 36, 37, -1, -1]",{}
27248,1777818625.4148598,27227.140452986532,0,1,2731.0,2775.2345913144004,563.0,507.0829844723388,232.99209360428998,1641.0,40.4375,41.879195829467136,24.43613763539805,"[0, 1, -1, 3, 4, -1, 6, 7, 8, 9, -1, 11, 12, 13, -1, 15, 16, 17, -1, -1, 20, -1, 22, 23, -1, 25, -1, 27, -1, -1, 30, 31, 32, -1, 34, 35, 36, 37, -1, -1]",{}
27248,1777818625.5107331,27327.08458698653,0,1,2707.0,2777.374247396728,629.0,514.503811445653,415.9864482930206,1658.0,40.5,41.52426112964635,27.493583072485677,"[0, 1, -1, 3, 4, -1, 6, 7, 8, 9, -1, 11, 12, 13, -1, 15, 16, 17, -1, -1, 20, -1, 22, 23, -1, 25, -1, 27, -1, -1, 30, 31, 32, -1, 34, 35, 36, 37, -1, -1]",{}
27248,1777818625.642304,27456.30961898769,0,1,2717.0,2783.6295487623197,479.0,498.10155789800723,416.5477781752058,437.0,38.875,40.443834472955345,36.66015065311374,"[0, 1, -1, 3, 4, -1, 6, 7, 8, 9, -1, 11, 12, 13, -1, 15, 16, 17, -1, -1, 20, -1, 22, 23, -1, 25, -1, 27, -1, -1, 30, 31, 32, -1, 34, 35, 36, 37, -1, -1]",{}
27248,1777818625.7203865,27537.698557987824,0,1,2699.0,2780.3985708092832,521.0,494.4208248250384,409.7137248638434,377.0,40.625,40.70114845614747,30.4259046189547,"[0, 1, -1, 3, 4, -1, 6, 7, 8, 9, -1, 11, 12, 13, -1, 15, 16, 17, -1, -1, 20, -1, 22, 23, -1, 25, -1, 27, -1, -1, 30, 31, 32, -1, 34, 35, 36, 37, -1, -1]",{}
27248,1777818625.8161871,27632.516416989347,0,1,2683.0,2776.7999402677087,495.0,486.25095549979085,421.81223695357306,510.0,39.0625,40.10733881475199,31.194844724078457,"[0, 1, -1, 3, 4, -1, 6, 7, 8, 9, -1, 11, 12, 13, -1, 15, 16, 17, -1, -1, 20, -1, 22, 23, -1, 25, -1, 27, -1, -1, 30, 31, 32, -1, 34, 35, 36, 37, -1, -1]",{}
27248,1777818625.8976047,27711.550330988757,0,1,2605.0,2761.308451513097,455.0,474.9938566136016,438.625383873648,553.0,36.75,38.68400852864771,28.5055742335743,"[0, 1, -1, 3, 4, -1, 6, 7, 8, 9, -1, 11, 12, 13, -1, 15, 16, 17, -1, -1, 20, -1, 22, 23, -1, 25, -1, 27, -1, -1, 30, 31, 32, -1, 34, 35, 36, 37, -1, -1]",{}
27248,1777818625.961377,27776.268373989296,0,1,2707.0,2759.8308384607144,587.0,484.1444653751382,590.0708964087803,1593.0,36.625,37.87158967732579,23.60725867319281,"[0, 1, -1, 3, 4, -1, 6, 7, 8, 9, -1, 11, 12, 13, -1, 15, 16, 17, -1, -1, 20, -1, 22, 23, -1, 25, -1, 27, -1, -1, 30, 31, 32, -1, 34, 35, 36, 37, -1, -1]",{}
27248,1777818626.0435033,27856.884010988324,0,1,2629.0,2749.7672834848886,662.0,500.7111752983514,540.8924937960394,180.0,38.0625,38.03865737628629,24.08124355413783,"[0, 1, -1, 3, 4, -1, 6, 7, 8, 9, -1, 11, 12, 13, -1, 15, 16, 17, -1, -1, 20, -1, 22, 23, -1, 25, -1, 27, -1, -1, 30, 31, 32, -1, 34, 35, 36, 37, -1, -1]",{}
27248,1777818626.139997,27955.507621987636,0,1,2691.0,2749.524778895022,592.0,505.9200510352685,508.0555115726391,270.0,38.9375,38.56128198963668,26.655578797229058,"[0, 1, -1, 3, 4, -1, 6, 7, 8, 9, -1, 11, 12, 13, -1, 15, 16, 17, -1, -1, 20, -1, 22, 23, -1, 25, -1, 27, -1, -1, 30, 31, 32, -1, 34, 35, 36, 37, -1, -1]",{}
27248,1777818626.219379,28035.320061986567,0,1,2709.0,2750.14950757414,620.0,515.6171458386202,507.617780539775,494.0,36.1875,37.54509246192538,24.851506382872596,"[0, 1, -1, 3, 4, -1, 6, 7, 8, 9, -1, 11, 12, 13, -1, 15, 16, 17, -1, -1, 20, -1, 22, 23, -1, 25, -1, 27, -1, -1, 30, 31, 32, -1, 34, 35, 36, 37, -1, -1]",{}
27248,1777818626.3009455,28114.757842987274,0,1,2683.0,2747.3002406234373,652.0,528.4973370624635,517.262942440999,571.0,33.0625,35.527903256855055,24.25917242594653,"[0, 1, -1, 3, 4, -1, 6, 7, 8, 9, -1, 11, 12, 13, -1, 15, 16, 17, -1, -1, 20, -1, 22, 23, -1, 25, -1, 27, -1, -1, 30, 31, 32, -1, 34, 35, 36, 37, -1, -1]",{}
27248,1777818626.4153469,28229.728503988554,0,1,2651.0,2742.022992593886,847.0,565.7388974218279,518.4324815045768,509.0,29.625,32.52880191419367,30.08709157468261,"[0, 1, -1, 3, 4, -1, 6, 7, 8, 9, -1, 11, 12, 13, -1, 15, 16, 17, -1, -1, 20, -1, 22, 23, -1, 25, -1, 27, -1, -1, 30, 31, 32, -1, 34, 35, 36, 37, -1, -1]",{}
27248,1777818626.5118346,28327.387182989696,0,1,2680.0,2739.552325026694,783.0,592.1181995259881,525.0349721908846,553.0,21.0625,26.742668959954166,30.146241202280066,"[0, 1, -1, 3, 4, -1, 6, 7, 8, 9, -1, 11, 12, 13, -1, 15, 16, 17, -1, -1, 20, -1, 22, 23, -1, 25, -1, 27, -1, -1, 30, 31, 32, -1, 34, 35, 36, 37, -1, -1]",{}
27248,1777818626.6433954,28457.27178198831,0,1,2664.0,2736.298851681343,927.0,637.4565704335297,530.0995486106658,541.0,10.8125,17.850046066695874,38.43202777686878,"[0, 1, -1, 3, 4, -1, 6, 7, 8, 9, -1, 11, 12, 13, -1, 15, 16, 17, -1, -1, 20, -1, 22, 23, -1, 25, -1, 27, -1, -1, 30, 31, 32, -1, 34, 35, 36, 37, -1, -1]",{}
27248,1777818626.723622,28538.693981990036,0,1,2621.0,2724.3829798711154,912.0,675.7925218324356,573.3062545819377,825.0,7.625,12.473094108932123,31.94835235466066,"[0, 1, -1, 3, 4, -1, 6, 7, 8, 9, -1, 11, 12, 13, -1, 15, 16, 17, -1, -1, 20, -1, 22, 23, -1, 25, -1, 27, -1, -1, 30, 31, 32, -1, 34, 35, 36, 37, -1, -1]",{}
27248,1777818626.7873018,28602.233093990435,0,1,2621.0,2713.4634315402136,975.0,716.8566685187113,595.5020650865628,720.0,4.6875,8.557647110256067,25.601833184807273,"[0, 1, -1, 3, 4, -1, 6, 7, 8, 9, -1, 11, 12, 13, -1, 15, 16, 17, -1, -1, 20, -1, 22, 23, -1, 25, -1, 27, -1, -1, 30, 31, 32, -1, 34, 35, 36, 37, -1, -1]",{}
27248,1777818626.916898,28732.716185990284,0,1,2652.0,2710.0583390223765,1009.0,761.9519973755489,625.7717372849396,767.0,355.875,188.33150351517742,35.62931712006114,"[0, 1, -1, 3, 4, -1, 6, 7, 8, 9, -1, 11, 12, 13, -1, 15, 16, 17, -1, -1, 20, -1, 22, 23, -1, 25, -1, 27, -1, -1, 30, 31, 32, -1, 34, 35, 36, 37, -1, -1]",{}
27248,1777818626.9937685,28812.201446990002,0,1,2705.0,2712.238194753811,953.0,791.748633117162,669.1480884390157,909.0,351.9375,269.7344923528449,29.789689618717635,"[0, 1, -1, 3, 4, -1, 6, 7, 8, 9, -1, 11, 12, 13, -1, 15, 16, 17, -1, -1, 20, -1, 22, 23, -1, 25, -1, 27, -1, -1, 30, 31, 32, -1, 34, 35, 36, 37, -1, -1]",{}
27248,1777818627.068869,28889.061644988942,0,1,2591.0,2698.6803594668927,1088.0,835.7939927056319,671.0593743407168,644.0,349.9375,312.2552953034066,26.594139871729112,"[0, 1, -1, 3, 4, -1, 6, 7, 8, 9, -1, 11, 12, 13, -1, 15, 16, 17, -1, -1, 20, -1, 22, 23, -1, 25, -1, 27, -1, -1, 30, 31, 32, -1, 34, 35, 36, 37, -1, -1]",{}
27248,1777818627.1491835,28964.178066989007,0,1,2625.0,2691.326447594792,1094.0,875.8091464447101,688.5756346898077,761.0,346.25,335.079308912832,25.658172866506693,"[0, 1, -1, 3, 4, -1, 6, 7, 8, 9, -1, 11, 12, 13, -1, 15, 16, 17, -1, -1, 20, -1, 22, 23, -1, 25, -1, 27, -1, -1, 30, 31, 32, -1, 34, 35, 36, 37, -1, -1]",{}
27248,1777818627.2128537,29027.75780898901,0,1,2668.0,2690.018303446174,1131.0,914.0062965669213,706.4591247599521,791.0,345.6875,345.9143960462844,21.87046207147275,"[0, 1, -1, 3, 4, -1, 6, 7, 8, 9, -1, 11, 12, 13, -1, 15, 16, 17, -1, -1, 20, -1, 22, 23, -1, 25, -1, 27, -1, -1, 30, 31, 32, -1, 34, 35, 36, 37, -1, -1]",{}
27248,1777818627.292871,29108.119484987583,0,1,2662.0,2688.4555654582196,1143.0,951.101503734612,701.4480996663431,618.0,343.0625,352.2383539384702,22.372040099918426,"[0, 1, -1, 3, 4, -1, 6, 7, 8, 9, -1, 11, 12, 13, -1, 15, 16, 17, -1, -1, 20, -1, 22, 23, -1, 25, -1, 27, -1, -1, 30, 31, 32, -1, 34, 35, 36, 37, -1, -1]",{}
27248,1777818627.3691287,29188.15107098726,0,1,2702.0,2691.9873267646162,1158.0,985.6388658977997,723.6652734684235,832.0,339.1875,353.41409504227454,21.722362647068618,"[0, 1, -1, 3, 4, -1, 6, 7, 8, 9, -1, 11, 12, 13, -1, 15, 16, 17, -1, -1, 20, -1, 22, 23, -1, 25, -1, 27, -1, -1, 30, 31, 32, -1, 34, 35, 36, 37, -1, -1]",{}
27248,1777818627.4424999,29264.393982988622,0,1,2689.0,2693.4031808887385,1257.0,1028.4075907759366,738.77903746202,797.0,337.4375,352.8268273676292,20.73095890177968,"[0, 1, -1, 3, 4, -1, 6, 7, 8, 9, -1, 11, 12, 13, -1, 15, 16, 17, -1, -1, 20, -1, 22, 23, -1, 25, -1, 27, -1, -1, 30, 31, 32, -1, 34, 35, 36, 37, -1, -1]",{}
27248,1777818627.5226035,29337.72900198892,0,1,2690.0,2694.910434929068,1277.0,1070.1958070969952,772.6381975026576,955.0,333.9375,350.9110760066582,21.119332171266883,"[0, 1, -1, 3, 4, -1, 6, 7, 8, 9, -1, 11, 12, 13, -1, 15, 16, 17, -1, -1, 20, -1, 22, 23, -1, 25, -1, 27, -1, -1, 30, 31, 32, -1, 34, 35, 36, 37, -1, -1]",{}
27248,1777818627.6306536,29451.21866498812,0,1,2469.0,2667.979935551335,1373.0,1125.2363063458458,688.071372184635,47.0,330.125,348.3817767769214,26.048771620524224,"[0, 1, -1, 3, 4, -1, 6, 7, 8, 9, -1, 11, 12, 13, -1, 15, 16, 17, -1, -1, 20, -1, 22, 23, -1, 25, -1, 27, -1, -1, 30, 31, 32, -1, 34, 35, 36, 37, -1, -1]",{}
27248,1777818627.6944368,29509.18624998758,0,1,2670.0,2668.980009534558,1304.0,1158.0532332534567,716.053036168455,881.0,329.375,344.5599673430028,21.342804739437426,"[0, 1, -1, 3, 4, -1, 6, 7, 8, 9, -1, 11, 12, 13, -1, 15, 16, 17, -1, -1, 20, -1, 22, 23, -1, 25, -1, 27, -1, -1, 30, 31, 32, -1, 34, 35, 36, 37, -1, -1]",{}
27248,1777818627.7748556,29589.634869988004,0,1,2657.0,2668.406105641099,1342.0,1194.8522568696799,728.246674821853,771.0,326.4375,341.750645023369,21.664410240815116,"[0, 1, -1, 3, 4, -1, 6, 7, 8, 9, -1, 11, 12, 13, -1, 15, 16, 17, -1, -1, 20, -1, 22, 23, -1, 25, -1, 27, -1, -1, 30, 31, 32, -1, 34, 35, 36, 37, -1, -1]",{}
27248,1777818627.8900483,29703.406508987428,0,1,2618.0,2662.97388401052,1428.0,1246.0300054350942,747.5074322467117,815.0,324.4375,339.56973670300647,27.914777844653038,"[0, 1, -1, 3, 4, -1, 6, 7, 8, 9, -1, 11, 12, 13, -1, 15, 16, 17, -1, -1, 20, -1, 22, 23, -1, 25, -1, 27, -1, -1, 30, 31, 32, -1, 34, 35, 36, 37, -1, -1]",{}
27248,1777818627.9904027,29801.98801298593,0,1,2601.0,2655.410323127285,1411.0,1287.0263779713177,770.2685234159987,863.0,320.8125,335.470952753946,29.18160710480331,"[0, 1, -1, 3, 4, -1, 6, 7, 8, 9, -1, 11, 12, 13, -1, 15, 16, 17, -1, -1, 20, -1, 22, 23, -1, 25, -1, 27, -1, -1, 30, 31, 32, -1, 34, 35, 36, 37, -1, -1]",{}
27248,1777818628.0713062,29885.60835498629,0,1,2561.0,2643.1764728024905,1463.0,1326.2671219812605,784.4914462663879,830.0,319.1875,331.88690531194334,26.521343863482628,"[0, 1, -1, 3, 4, -1, 6, 7, 8, 9, -1, 11, 12, 13, -1, 15, 16, 17, -1, -1, 20, -1, 22, 23, -1, 25, -1, 27, -1, -1, 30, 31, 32, -1, 34, 35, 36, 37, -1, -1]",{}
27248,1777818628.168122,29983.17381398647,0,1,2576.0,2634.055525201548,1510.0,1370.718048206311,827.7207381418606,1047.0,316.3125,328.74131522196745,28.29602343077363,"[0, 1, -1, 3, 4, -1, 6, 7, 8, 9, -1, 11, 12, 13, -1, 15, 16, 17, -1, -1, 20, -1, 22, 23, -1, 25, -1, 27, -1, -1, 30, 31, 32, -1, 34, 35, 36, 37, -1, -1]",{}
27248,1777818628.2474096,30063.29323398586,0,1,2569.0,2625.0628927737907,1526.0,1408.2052191808434,810.5323871932216,643.0,316.5,326.4945739664714,25.920255287801428,"[0, 1, -1, 3, 4, -1, 6, 7, 8, 9, -1, 11, 12, 13, -1, 15, 16, 17, -1, -1, 20, -1, 22, 23, -1, 25, -1, 27, -1, -1, 30, 31, 32, -1, 34, 35, 36, 37, -1, -1]",{}
27248,1777818628.309576,30125.861747985255,0,1,2449.0,2601.9416816386833,1614.0,1448.3704095179241,818.7661858464428,834.0,316.375,324.7936835123705,21.596120723482446,"[0, 1, -1, 3, 4, -1, 6, 7, 8, 9, -1, 11, 12, 13, -1, 15, 16, 17, -1, -1, 20, -1, 22, 23, -1, 25, -1, 27, -1, -1, 30, 31, 32, -1, 34, 35, 36, 37, -1, -1]",{}
27248,1777818628.4336812,30238.11127598583,0,1,2454.0,2579.7480869519336,1753.0,1518.1497015192253,865.8489748698923,1088.0,316.0,324.65813446357856,30.36295281348132,"[0, 1, -1, 3, 4, -1, 6, 7, 8, 9, -1, 11, 12, 13, -1, 15, 16, 17, -1, -1, 20, -1, 22, 23, -1, 25, -1, 27, -1, -1, 30, 31, 32, -1, 34, 35, 36, 37, -1, -1]",{}
27248,1777818628.5116768,30312.286950987072,0,1,2453.0,2560.87486501603,1727.0,1565.0919690812163,921.837628486015,1227.0,316.625,323.5941084330979,26.548895356208888,"[0, 1, -1, 3, 4, -1, 6, 7, 8, 9, -1, 11, 12, 13, -1, 15, 16, 17, -1, -1, 20, -1, 22, 23, -1, 25, -1, 27, -1, -1, 30, 31, 32, -1, 34, 35, 36, 37, -1, -1]",{}
27248,1777818628.6593869,30457.197523991454,0,1,2097.0,2489.1653504832084,1893.0,1649.5548376788918,774.5260360317366,-214.0,315.4375,323.2504173397349,39.591460828844916,"[0, 1, -1, 3, 4, -1, 6, 7, 8, 9, -1, 11, 12, 13, -1, 15, 16, 17, -1, -1, 20, -1, 22, 23, -1, 25, -1, 27, -1, -1, 30, 31, 32, -1, 34, 35, 36, 37, -1, -1]",{}
27248,1777818628.7912629,30588.08570699148,0,1,2440.0,2474.2827389392396,1839.0,1713.0373115486252,825.1343036517263,1067.0,311.5,320.1231305625043,45.03729396839663,"[0, 1, -1, 3, 4, -1, 6, 7, 8, 9, -1, 11, 12, 13, -1, 15, 16, 17, -1, -1, 20, -1, 22, 23, -1, 25, -1, 27, -1, -1, 30, 31, 32, -1, 34, 35, 36, 37, -1, -1]",{}
27248,1777818628.8847704,30686.484007990657,0,1,2452.0,2465.444638170515,1888.0,1764.6207219225623,858.7362832619859,1010.0,307.0625,315.84604205754493,39.213825921656756,"[0, 1, -1, 3, 4, -1, 6, 7, 8, 9, -1, 11, 12, 13, -1, 15, 16, 17, -1, -1, 20, -1, 22, 23, -1, 25, -1, 27, -1, -1, 30, 31, 32, -1, 34, 35, 36, 37, -1, -1]",{}
27248,1777818629.0165284,30813.433904991143,0,1,2439.0,2453.516741017771,1905.0,1823.1737954083465,885.8330272842582,970.0,302.5,311.33015916548777,46.799268887495735,"[0, 1, -1, 3, 4, -1, 6, 7, 8, 9, -1, 11, 12, 13, -1, 15, 16, 17, -1, -1, 20, -1, 22, 23, -1, 25, -1, 27, -1, -1, 30, 31, 32, -1, 34, 35, 36, 37, -1, -1]",{}
27248,1777818629.1542504,30961.96103199145,0,1,2513.0,2454.6310941375114,1806.0,1859.6951784125622,795.137445301712,243.0,300.1875,307.4654173450159,53.61745454539779,"[0, 1, -1, 3, 4, -1, 6, 7, 8, 9, -1, 11, 12, 13, -1, 15, 16, 17, -1, -1, 20, -1, 22, 23, -1, 25, -1, 27, -1, -1, 30, 31, 32, -1, 34, 35, 36, 37, -1, -1]",{}
27248,1777818629.2299294,31032.666876991243,0,1,2418.0,2444.8135292916904,1972.0,1898.1017957201518,869.2059989856698,1265.0,297.0,303.68639079889,40.001432991698834,"[0, 1, -1, 3, 4, -1, 6, 7, 8, 9, -1, 11, 12, 13, -1, 15, 16, 17, -1, -1, 20, -1, 22, 23, -1, 25, -1, 27, -1, -1, 30, 31, 32, -1, 34, 35, 36, 37, -1, -1]",{}
27248,1777818629.3015547,31108.332739991965,0,1,2059.0,2385.0143756041784,2187.0,1960.5587888724226,716.1699943032877,-228.0,294.6875,300.71277107275216,32.73767825016241,"[0, 1, -1, 3, 4, -1, 6, 7, 8, 9, -1, 11, 12, 13, -1, 15, 16, 17, -1, -1, 20, -1, 22, 23, -1, 25, -1, 27, -1, -1, 30, 31, 32, -1, 34, 35, 36, 37, -1, -1]",{}
27248,1777818629.4295363,31229.98995698981,0,1,2417.0,2379.581065794789,2029.0,2009.6608436613794,800.288979195306,1273.0,289.1875,296.2252995251592,42.097291688619826,"[0, 1, -1, 3, 4, -1, 6, 7, 8, 9, -1, 11, 12, 13, -1, 15, 16, 17, -1, -1, 20, -1, 22, 23, -1, 25, -1, 27, -1, -1, 30, 31, 32, -1, 34, 35, 36, 37, -1, -1]",{}
27248,1777818629.5141318,31307.908495990887,0,1,2421.0,2379.0289178173434,2036.0,2039.424694439919,861.9990843249474,1202.0,286.875,292.5720250454847,35.97017259150856,"[0, 1, -1, 3, 4, -1, 6, 7, 8, 9, -1, 11, 12, 13, -1, 15, 16, 17, -1, -1, 20, -1, 22, 23, -1, 25, -1, 27, -1, -1, 30, 31, 32, -1, 34, 35, 36, 37, -1, -1]",{}
27248,1777818629.669336,31459.369033992516,0,1,2442.0,2377.3180517320347,2145.0,2102.803408609365,948.5405661092136,1358.0,288.1875,291.24576671244006,51.48442446856433,"[0, 1, -1, 3, 4, -1, 6, 7, 8, 9, -1, 11, 12, 13, -1, 15, 16, 17, -1, -1, 20, -1, 22, 23, -1, 25, -1, 27, -1, -1, 30, 31, 32, -1, 34, 35, 36, 37, -1, -1]",{}
27248,1777818629.7772887,31581.022582992773,0,1,2443.0,2379.936977501538,2212.0,2152.683677092981,1026.9800926209773,1394.0,290.75,291.71218726056964,47.38265575501234,"[0, 1, -1, 3, 4, -1, 6, 7, 8, 9, -1, 11, 12, 13, -1, 15, 16, 17, -1, -1, 20, -1, 22, 23, -1, 25, -1, 27, -1, -1, 30, 31, 32, -1, 34, 35, 36, 37, -1, -1]",{}
27248,1777818629.926479,31705.905483992865,0,1,2492.0,2388.3586291031997,2321.0,2225.713013282345,1127.4657585211583,1544.0,294.5,294.1625135173325,58.706460917602435,"[0, 1, -1, 3, 4, -1, 6, 7, 8, 9, -1, 11, 12, 13, -1, 15, 16, 17, -1, -1, 20, -1, 22, 23, -1, 25, -1, 27, -1, -1, 30, 31, 32, -1, 34, 35, 36, 37, -1, -1]",{}
27248,1777818630.0178425,31804.703001993403,0,1,2461.0,2394.41065483504,2385.0,2279.4353607080243,1202.061224935205,1521.0,295.5,295.4609195283147,47.35817313178919,"[0, 1, -1, 3, 4, -1, 6, 7, 8, 9, -1, 11, 12, 13, -1, 15, 16, 17, -1, -1, 20, -1, 22, 23, -1, 25, -1, 27, -1, -1, 30, 31, 32, -1, 34, 35, 36, 37, -1, -1]",{}
27248,1777818630.2290905,32032.497169993803,0,1,2507.0,2403.1030011308912,2496.0,2384.098348704588,1306.1312498839038,1600.0,299.0625,298.80108595828557,83.89175116614321,"[0, 1, -1, 3, 4, -1, 6, 7, 8, 9, -1, 11, 12, 13, -1, 15, 16, 17, -1, -1, 20, -1, 22, 23, -1, 25, -1, 27, -1, -1, 30, 31, 32, -1, 34, 35, 36, 37, -1, -1]",{}
27248,1777818630.3056273,32107.240319994162,0,1,2491.0,2414.010818203726,2530.0,2433.0936232331023,1387.8279226013171,1719.0,298.9375,299.4069097530476,55.0357309894116,"[0, 1, -1, 3, 4, -1, 6, 7, 8, 9, -1, 11, 12, 13, -1, 15, 16, 17, -1, -1, 20, -1, 22, 23, -1, 25, -1, 27, -1, -1, 30, 31, 32, -1, 34, 35, 36, 37, -1, -1]",{}
27248,1777818630.4303637,32233.88871899533,0,1,2492.0,2421.8811157658565,2683.0,2515.8471123639606,1452.107030444826,1619.0,299.875,300.4624439691774,58.75679154718887,"[0, 1, -1, 3, 4, -1, 6, 7, 8, 9, -1, 11, 12, 13, -1, 15, 16, 17, -1, -1, 20, -1, 22, 23, -1, 25, -1, 27, -1, -1, 30, 31, 32, -1, 34, 35, 36, 37, -1, -1]",{}
27248,1777818630.5052485,32308.427371995094,0,1,2510.0,2432.883961368766,2673.0,2566.4352734042805,1496.0665633214664,1627.0,300.5625,301.03681081286555,43.970541012296636,"[0, 1, -1, 3, 4, -1, 6, 7, 8, 9, -1, 11, 12, 13, -1, 15, 16, 17, -1, -1, 20, -1, 22, 23, -1, 25, -1, 27, -1, -1, 30, 31, 32, -1, 34, 35, 36, 37, -1, -1]",{}
27248,1777818630.6493533,32450.109744997462,0,1,2458.0,2432.750846455161,2799.0,2655.078987094949,1567.1198758491828,1729.0,298.0625,300.2693362874403,57.128395943184216,"[0, 1, -1, 3, 4, -1, 6, 7, 8, 9, -1, 11, 12, 13, -1, 15, 16, 17, -1, -1, 20, -1, 22, 23, -1, 25, -1, 27, -1, -1, 30, 31, 32, -1, 34, 35, 36, 37, -1, -1]",{}
27248,1777818630.755252,32560.72920099814,0,1,2480.0,2437.312353322597,2922.0,2736.0713932071385,1613.217590254107,1694.0,298.3125,299.835396155266,51.672632314196896,"[0, 1, -1, 3, 4, -1, 6, 7, 8, 9, -1, 11, 12, 13, -1, 15, 16, 17, -1, -1, 20, -1, 22, 23, -1, 25, -1, 27, -1, -1, 30, 31, 32, -1, 34, 35, 36, 37, -1, -1]",{}
27248,1777818630.9040096,32707.166222993692,0,1,2550.0,2452.1573404141805,2951.0,2827.5026790216066,1681.6722367632535,1804.0,298.75,299.90146227069454,63.12816924649198,"[0, 1, -1, 3, 4, -1, 6, 7, 8, 9, -1, 11, 12, 13, -1, 15, 16, 17, -1, -1, 20, -1, 22, 23, -1, 25, -1, 27, -1, -1, 30, 31, 32, -1, 34, 35, 36, 37, -1, -1]",{}
27248,1777818630.9777555,32781.93902199382,0,1,2558.0,2467.1905887174175,2998.0,2882.6484814317237,1724.1655166824364,1832.0,300.0625,300.3404962573019,45.04981022851297,"[0, 1, -1, 3, 4, -1, 6, 7, 8, 9, -1, 11, 12, 13, -1, 15, 16, 17, -1, -1, 20, -1, 22, 23, -1, 25, -1, 27, -1, -1, 30, 31, 32, -1, 34, 35, 36, 37, -1, -1]",{}
27248,1777818631.0520453,32855.685090994484,0,1,2558.0,2479.7052405898544,3029.0,2934.0804393047206,1772.244343347593,1914.0,302.375,301.6443010322404,36.98141755589106,"[0, 1, -1, 3, 4, -1, 6, 7, 8, 9, -1, 11, 12, 13, -1, 15, 16, 17, -1, -1, 20, -1, 22, 23, -1, 25, -1, 27, -1, -1, 30, 31, 32, -1, 34, 35, 36, 37, -1, -1]",{}
27248,1777818631.1184914,32929.953988994384,0,1,2602.0,2496.412492849227,3033.0,2975.3302369595494,1812.7269644552518,1927.0,304.5625,303.2809895669378,30.43627096384794,"[0, 1, -1, 3, 4, -1, 6, 7, 8, 9, -1, 11, 12, 13, -1, 15, 16, 17, -1, -1, 20, -1, 22, 23, -1, 25, -1, 27, -1, -1, 30, 31, 32, -1, 34, 35, 36, 37, -1, -1]",{}
27248,1777818631.2150133,33029.74921899386,0,1,2492.0,2495.854325684667,3078.0,3029.857930220321,1863.469614769681,1975.0,305.5625,304.8884566167835,33.01897796471834,"[0, 1, -1, 3, 4, -1, 6, 7, 8, 9, -1, 11, 12, 13, -1, 15, 16, 17, -1, -1, 20, -1, 22, 23, -1, 25, -1, 27, -1, -1, 30, 31, 32, -1, 34, 35, 36, 37, -1, -1]",{}
27248,1777818631.2945302,33109.490793994155,0,1,2519.0,2499.0488208968654,3196.0,3086.0316105197394,1891.943044895893,1898.0,307.75,306.6712001351355,29.95725771500917,"[0, 1, -1, 3, 4, -1, 6, 7, 8, 9, -1, 11, 12, 13, -1, 15, 16, 17, -1, -1, 20, -1, 22, 23, -1, 25, -1, 27, -1, -1, 30, 31, 32, -1, 34, 35, 36, 37, -1, -1]",{}
27248,1777818631.3790753,33188.98099999387,0,1,2504.0,2499.853633635291,3202.0,3137.9196504264078,1930.397978001818,1989.0,305.9375,306.83942188876256,29.06970859887739,"[0, 1, -1, 3, 4, -1, 6, 7, 8, 9, -1, 11, 12, 13, -1, 15, 16, 17, -1, -1, 20, -1, 22, 23, -1, 25, -1, 27, -1, -1, 30, 31, 32, -1, 34, 35, 36, 37, -1, -1]",{}
27248,1777818631.443983,33256.851285994344,0,1,2538.0,2504.953896738336,3148.0,3167.437947284654,1963.9681346217324,2036.0,305.8125,306.7842797166055,24.408515782490806,"[0, 1, -1, 3, 4, -1, 6, 7, 8, 9, -1, 11, 12, 13, -1, 15, 16, 17, -1, -1, 20, -1, 22, 23, -1, 25, -1, 27, -1, -1, 30, 31, 32, -1, 34, 35, 36, 37, -1, -1]",{}
27248,1777818631.524621,33338.46672799518,0,1,2573.0,2514.079753889443,3177.0,3203.659625769429,2000.457255774063,2053.0,303.8125,305.89480758169935,24.569800603767035,"[0, 1, -1, 3, 4, -1, 6, 7, 8, 9, -1, 11, 12, 13, -1, 15, 16, 17, -1, -1, 20, -1, 22, 23, -1, 25, -1, 27, -1, -1, 30, 31, 32, -1, 34, 35, 36, 37, -1, -1]",{}
27248,1777818631.638811,33452.476776994445,0,1,2595.0,2525.8258274922637,3222.0,3255.190227451769,2037.2168767378478,2010.0,300.6875,303.7892086847106,30.840709212678977,"[0, 1, -1, 3, 4, -1, 6, 7, 8, 9, -1, 11, 12, 13, -1, 15, 16, 17, -1, -1, 20, -1, 22, 23, -1, 25, -1, 27, -1, -1, 30, 31, 32, -1, 34, 35, 36, 37, -1, -1]",{}
27248,1777818631.7191803,33533.29245099303,0,1,2576.0,2533.4363429609525,3186.0,3280.4100893656114,2076.314868754454,2144.0,297.4375,301.08742988276674,27.690291800121404,"[0, 1, -1, 3, 4, -1, 6, 7, 8, 9, -1, 11, 12, 13, -1, 15, 16, 17, -1, -1, 20, -1, 22, 23, -1, 25, -1, 27, -1, -1, 30, 31, 32, -1, 34, 35, 36, 37, -1, -1]",{}
27248,1777818631.8218527,33630.35726899216,0,1,2588.0,2542.297772147492,3290.0,3324.972166241829,2104.0395451234017,2044.0,291.125,296.4209048725901,30.635239730541326,"[0, 1, -1, 3, 4, -1, 6, 7, 8, 9, -1, 11, 12, 13, -1, 15, 16, 17, -1, -1, 20, -1, 22, 23, -1, 25, -1, 27, -1, -1, 30, 31, 32, -1, 34, 35, 36, 37, -1, -1]",{}
27248,1777818631.9191415,33732.99600299288,0,1,2590.0,2550.4846981973615,3309.0,3363.5058823867225,2137.206629291231,2127.0,285.125,290.9297147810057,31.286315666334673,"[0, 1, -1, 3, 4, -1, 6, 7, 8, 9, -1, 11, 12, 13, -1, 15, 16, 17, -1, -1, 20, -1, 22, 23, -1, 25, -1, 27, -1, -1, 30, 31, 32, -1, 34, 35, 36, 37, -1, -1]",{}
27248,1777818631.9939618,33813.57580899294,0,1,2812.0,2586.9550687453175,2812.0,3320.8506414556973,1740.1002477896247,-1002.0,280.1875,285.89460110650015,27.17290218920556,"[0, 1, -1, 3, 4, -1, 6, 7, 8, 9, -1, 11, 12, 13, -1, 15, 16, 17, -1, -1, 20, -1, 22, 23, -1, 25, -1, 27, -1, -1, 30, 31, 32, -1, 34, 35, 36, 37, -1, -1]",{}
27248,1777818632.0746367,33888.415737995274,0,1,2617.0,2593.6385217853876,3251.0,3342.7243463163745,1810.0104813584883,2183.0,276.1875,281.2091072858358,26.106111525456576,"[0, 1, -1, 3, 4, -1, 6, 7, 8, 9, -1, 11, 12, 13, -1, 15, 16, 17, -1, -1, 20, -1, 22, 23, -1, 25, -1, 27, -1, -1, 30, 31, 32, -1, 34, 35, 36, 37, -1, -1]",{}
27248,1777818632.1405478,33952.357013995424,0,1,2587.0,2595.099459375414,3368.0,3371.1417558994817,1855.4846109968341,2080.0,272.1875,276.97766045077475,22.60257963915202,"[0, 1, -1, 3, 4, -1, 6, 7, 8, 9, -1, 11, 12, 13, -1, 15, 16, 17, -1, -1, 20, -1, 22, 23, -1, 25, -1, 27, -1, -1, 30, 31, 32, -1, 34, 35, 36, 37, -1, -1]",{}
27248,1777818632.2209044,34034.9819069952,0,1,2621.0,2601.201754062827,3348.0,3398.862847536225,1900.3640886035041,2095.0,268.75,272.81231673708123,23.003278049934888,"[0, 1, -1, 3, 4, -1, 6, 7, 8, 9, -1, 11, 12, 13, -1, 15, 16, 17, -1, -1, 20, -1, 22, 23, -1, 25, -1, 27, -1, -1, 30, 31, 32, -1, 34, 35, 36, 37, -1, -1]",{}
27248,1777818632.3187566,34131.99107699802,0,1,2560.0,2599.304792773424,3288.0,3421.3057762614926,1967.629167316095,2274.0,264.4375,268.15040966969684,26.106795723853676,"[0, 1, -1, 3, 4, -1, 6, 7, 8, 9, -1, 11, 12, 13, -1, 15, 16, 17, -1, -1, 20, -1, 22, 23, -1, 25, -1, 27, -1, -1, 30, 31, 32, -1, 34, 35, 36, 37, -1, -1]",{}
27248,1777818632.4153435,34229.860013998405,0,1,2604.0,2603.1397721398107,3373.0,3450.487760265047,2011.4941493949518,2148.0,261.1875,264.02615025960284,27.705352747591363,"[0, 1, -1, 3, 4, -1, 6, 7, 8, 9, -1, 11, 12, 13, -1, 15, 16, 17, -1, -1, 20, -1, 22, 23, -1, 25, -1, 27, -1, -1, 30, 31, 32, -1, 34, 35, 36, 37, -1, -1]",{}
27248,1777818632.5135362,34326.39650299734,0,1,2589.0,2604.493762696305,3362.0,3474.1900173444133,2040.9275212153088,2074.0,259.625,261.043992599837,29.160896395785343,"[0, 1, -1, 3, 4, -1, 6, 7, 8, 9, -1, 11, 12, 13, -1, 15, 16, 17, -1, -1, 20, -1, 22, 23, -1, 25, -1, 27, -1, -1, 30, 31, 32, -1, 34, 35, 36, 37, -1, -1]",{}
27248,1777818632.6484764,34458.023068996226,0,1,2586.0,2606.1508154147537,3302.0,3497.0612401128806,2055.5971799336444,1942.0,256.0,257.25301906644313,38.479763786711395,"[0, 1, -1, 3, 4, -1, 6, 7, 8, 9, -1, 11, 12, 13, -1, 15, 16, 17, -1, -1, 20, -1, 22, 23, -1, 25, -1, 27, -1, -1, 30, 31, 32, -1, 34, 35, 36, 37, -1, -1]",{}
27248,1777818632.7623625,34576.31060299627,0,1,2661.0,2617.646453045643,3359.0,3515.3967399403123,2080.82392384516,2068.0,250.4375,252.6860184792878,39.88873479814062,"[0, 1, -1, 3, 4, -1, 6, 7, 8, 9, -1, 11, 12, 13, -1, 15, 16, 17, -1, -1, 20, -1, 22, 23, -1, 25, -1, 27, -1, -1, 30, 31, 32, -1, 34, 35, 36, 37, -1, -1]",{}
27248,1777818632.8939633,34706.76903399544,0,1,2641.0,2625.5628981505733,3401.0,3540.866665614238,2083.608093447607,1923.0,244.5,247.04961553497446,46.36636837357792,"[0, 1, -1, 3, 4, -1, 6, 7, 8, 9, -1, 11, 12, 13, -1, 15, 16, 17, -1, -1, 20, -1, 22, 23, -1, 25, -1, 27, -1, -1, 30, 31, 32, -1, 34, 35, 36, 37, -1, -1]",{}
27248,1777818632.9919221,34806.091735993505,0,1,2562.0,2619.394017693225,3178.0,3517.453379645598,2065.4874868079655,1837.0,241.5625,243.22163220475605,41.60907637378672,"[0, 1, -1, 3, 4, -1, 6, 7, 8, 9, -1, 11, 12, 13, -1, 15, 16, 17, -1, -1, 20, -1, 22, 23, -1, 25, -1, 27, -1, -1, 30, 31, 32, -1, 34, 35, 36, 37, -1, -1]",{}
27248,1777818633.0656831,34886.243268993894,0,1,2946.0,2668.651227628541,2649.0,3414.2745063942098,1663.7049681022936,-818.0,238.8125,240.27862744968587,33.49910382293036,"[0, 1, -1, 3, 4, -1, 6, 7, 8, 9, -1, 11, 12, 13, -1, 15, 16, 17, -1, -1, 20, -1, 22, 23, -1, 25, -1, 27, -1, -1, 30, 31, 32, -1, 34, 35, 36, 37, -1, -1]",{}
27248,1777818633.1476882,34960.01307999268,0,1,2226.0,2610.4310678518646,3179.0,3401.3683317059304,1357.0436143626919,-526.0,236.625,237.55368504292818,31.091042419092343,"[0, 1, -1, 3, 4, -1, 6, 7, 8, 9, -1, 11, 12, 13, -1, 15, 16, 17, -1, -1, 20, -1, 22, 23, -1, 25, -1, 27, -1, -1, 30, 31, 32, -1, 34, 35, 36, 37, -1, -1]",{}
27248,1777818633.2113018,35025.303581992375,0,1,2641.0,2616.106698273602,3253.0,3396.2366500045923,1406.132765648861,1772.0,234.125,235.20158521803887,25.531520635789615,"[0, 1, -1, 3, 4, -1, 6, 7, 8, 9, -1, 11, 12, 13, -1, 15, 16, 17, -1, -1, 20, -1, 22, 23, -1, 25, -1, 27, -1, -1, 30, 31, 32, -1, 34, 35, 36, 37, -1, -1]",{}
27248,1777818633.2716446,35088.88462199229,0,1,2578.0,2612.7611243247316,3311.0,3398.8477849478,1393.7707540701115,1350.0,230.4375,232.3462154454448,21.742938409979832,"[0, 1, -1, 3, 4, -1, 6, 7, 8, 9, -1, 11, 12, 13, -1, 15, 16, 17, -1, -1, 20, -1, 22, 23, -1, 25, -1, 27, -1, -1, 30, 31, 32, -1, 34, 35, 36, 37, -1, -1]",{}
27248,1777818633.3698895,35182.629276991975,0,1,2573.0,2609.886056565997,2922.0,3357.614870030678,1130.6016449023487,-538.0,224.0,227.08606556311383,25.964942944958512,"[0, 1, -1, 3, 4, -1, 6, 7, 8, 9, -1, 11, 12, 13, -1, 15, 16, 17, -1, -1, 20, -1, 22, 23, -1, 25, -1, 27, -1, -1, 30, 31, 32, -1, 34, 35, 36, 37, -1, -1]",{}
27248,1777818633.4611154,35264.19044199156,0,1,2533.0,2601.680278255543,3148.0,3347.4649656852616,1172.1257642825299,1573.0,219.75,222.27977891344827,26.775448005263343,"[0, 1, -1, 3, 4, -1, 6, 7, 8, 9, -1, 11, 12, 13, -1, 15, 16, 17, -1, -1, 20, -1, 22, 23, -1, 25, -1, 27, -1, -1, 30, 31, 32, -1, 34, 35, 36, 37, -1, -1]",{}
27248,1777818633.5381944,35339.17690699309,0,1,2464.0,2585.042143520663,3209.0,3343.365520431535,1213.2151441818462,1583.0,217.25,218.77055385055175,24.5973687661959,"[0, 1, -1, 3, 4, -1, 6, 7, 8, 9, -1, 11, 12, 13, -1, 15, 16, 17, -1, -1, 20, -1, 22, 23, -1, 25, -1, 27, -1, -1, 30, 31, 32, -1, 34, 35, 36, 37, -1, -1]",{}
27248,1777818633.730579,35533.59215699584,0,1,1846.0,2475.744388187538,3743.0,3436.148998350354,983.0754300228728,-139.0,210.3125,211.44148811425185,49.475353985187965,"[0, 1, -1, 3, 4, -1, 6, 7, 8, 9, -1, 11, 12, 13, -1, 15, 16, 17, -1, -1, 20, -1, 22, 23, -1, 25, -1, 27, -1, -1, 30, 31, 32, -1, 34, 35, 36, 37, -1, -1]",{}
27248,1777818633.8074796,35608.030996996604,0,1,2309.0,2449.0047362756222,3029.0,3391.9124833648943,799.8703184666111,-166.0,210.75,209.91133542386575,36.63608176246661,"[0, 1, -1, 3, 4, -1, 6, 7, 8, 9, -1, 11, 12, 13, -1, 15, 16, 17, -1, -1, 20, -1, 22, 23, -1, 25, -1, 27, -1, -1, 30, 31, 32, -1, 34, 35, 36, 37, -1, -1]",{}
27248,1777818633.8845835,35684.91430999711,0,1,2455.0,2446.532146639103,3233.0,3382.5976766736094,853.4321523631962,1336.0,208.875,208.19046968498705,31.350758807057865,"[0, 1, -1, 3, 4, -1, 6, 7, 8, 9, -1, 11, 12, 13, -1, 15, 16, 17, -1, -1, 20, -1, 22, 23, -1, 25, -1, 27, -1, -1, 30, 31, 32, -1, 34, 35, 36, 37, -1, -1]",{}
27248,1777818634.0220976,35812.095779996525,0,1,2409.0,2435.183514107007,3170.0,3372.780306672461,862.8308193745515,1148.0,210.9375,207.77127425432292,42.672305362779305,"[0, 1, -1, 3, 4, -1, 6, 7, 8, 9, -1, 11, 12, 13, -1, 15, 16, 17, -1, -1, 20, -1, 22, 23, -1, 25, -1, 27, -1, -1, 30, 31, 32, -1, 34, 35, 36, 37, -1, -1]",{}
27248,1777818634.1728888,35983.09327699735,0,1,2267.0,2402.2389635273025,3884.0,3474.5340316745196,775.7999048451642,527.0,215.125,210.1627272350576,54.14426863591997,"[0, 1, -1, 3, 4, -1, 6, 7, 8, 9, -1, 11, 12, 13, -1, 15, 16, 17, -1, -1, 20, -1, 22, 23, -1, 25, -1, 27, -1, -1, 30, 31, 32, -1, 34, 35, 36, 37, -1, -1]",{}
27248,1777818634.2964535,36100.464581996675,0,1,2429.0,2399.9497536490667,3180.0,3448.9664712745466,814.939857876717,1213.0,216.6875,212.4082574390787,53.85447954479057,"[0, 1, -1, 3, 4, -1, 6, 7, 8, 9, -1, 11, 12, 13, -1, 15, 16, 17, -1, -1, 20, -1, 22, 23, -1, 25, -1, 27, -1, -1, 30, 31, 32, -1, 34, 35, 36, 37, -1, -1]",{}
27248,1777818634.454129,36257.40361599401,0,1,2414.0,2394.35159991418,3313.0,3450.084436274697,734.7044955855104,536.0,215.4375,212.81216094132097,66.56363472745095,"[0, 1, -1, 3, 4, -1, 6, 7, 8, 9, -1, 11, 12, 13, -1, 15, 16, 17, -1, -1, 20, -1, 22, 23, -1, 25, -1, 27, -1, -1, 30, 31, 32, -1, 34, 35, 36, 37, -1, -1]",{}
27248,1777818634.5284007,36331.49566399334,0,1,2458.0,2400.643494834931,3312.0,3439.0233047666006,682.4635835773272,511.0,214.0625,212.73536884561852,46.46955728882383,"[0, 1, -1, 3, 4, -1, 6, 7, 8, 9, -1, 11, 12, 13, -1, 15, 16, 17, -1, -1, 20, -1, 22, 23, -1, 25, -1, 27, -1, -1, 30, 31, 32, -1, 34, 35, 36, 37, -1, -1]",{}
27248,1777818634.652792,36455.83309099402,0,1,2416.0,2397.432470451162,3416.0,3451.9239749495714,613.8132755808573,440.0,212.625,211.6672812891997,52.19065015479268,"[0, 1, -1, 3, 4, -1, 6, 7, 8, 9, -1, 11, 12, 13, -1, 15, 16, 17, -1, -1, 20, -1, 22, 23, -1, 25, -1, 27, -1, -1, 30, 31, 32, -1, 34, 35, 36, 37, -1, -1]",{}
27248,1777818634.7767618,36580.378220994135,0,1,2465.0,2402.7655242652872,3338.0,3449.889542543193,573.5964954530481,560.0,214.8125,212.40400430786357,54.64199413046585,"[0, 1, -1, 3, 4, -1, 6, 7, 8, 9, -1, 11, 12, 13, -1, 15, 16, 17, -1, -1, 20, -1, 22, 23, -1, 25, -1, 27, -1, -1, 30, 31, 32, -1, 34, 35, 36, 37, -1, -1]",{}
27248,1777818634.9058025,36708.75945599437,0,1,2433.0,2402.556651090491,3529.0,3478.4230499472014,524.0509287604581,471.0,220.5625,215.9742459618289,57.776756095827395,"[0, 1, -1, 3, 4, -1, 6, 7, 8, 9, -1, 11, 12, 13, -1, 15, 16, 17, -1, -1, 20, -1, 22, 23, -1, 25, -1, 27, -1, -1, 30, 31, 32, -1, 34, 35, 36, 37, -1, -1]",{}
27248,1777818634.982228,36782.990502993925,0,1,2476.0,2410.924692883112,3481.0,3488.5199261262546,467.5802772817457,286.0,225.625,220.15046227177737,43.236999855037794,"[0, 1, -1, 3, 4, -1, 6, 7, 8, 9, -1, 11, 12, 13, -1, 15, 16, 17, -1, -1, 20, -1, 22, 23, -1, 25, -1, 27, -1, -1, 30, 31, 32, -1, 34, 35, 36, 37, -1, -1]",{}
27248,1777818635.0579271,36859.40387699429,0,1,2424.0,2410.3035346208485,3461.0,3494.1348960030573,416.54161896682575,262.0,228.375,223.5893652792323,36.099870781480526,"[0, 1, -1, 3, 4, -1, 6, 7, 8, 9, -1, 11, 12, 13, -1, 15, 16, 17, -1, -1, 20, -1, 22, 23, -1, 25, -1, 27, -1, -1, 30, 31, 32, -1, 34, 35, 36, 37, -1, -1]",{}
27248,1777818635.20753,36935.088240995356,0,1,2364.0,2398.2960908280465,3388.0,3496.2395459430713,402.0812201875404,597.0,235.9375,229.99466712096913,51.58273959312306,"[0, 1, -1, 3, 4, -1, 6, 7, 8, 9, -1, 11, 12, 13, -1, 15, 16, 17, -1, -1, 20, -1, 22, 23, -1, 25, -1, 27, -1, -1, 30, 31, 32, -1, 34, 35, 36, 37, -1, -1]",{}
27248,1777818635.2820284,37084.6996739956,0,1,2681.0,2437.4556055430826,3244.0,3467.7344877127357,343.507220393998,143.0,236.5625,233.09875126576523,38.792791191457624,"[0, 1, -1, 3, 4, -1, 6, 7, 8, 9, -1, 11, 12, 13, -1, 15, 16, 17, -1, -1, 20, -1, 22, 23, -1, 25, -1, 27, -1, -1, 30, 31, 32, -1, 34, 35, 36, 37, -1, -1]",{}
27248,1777818635.3577204,37159.19655099515,0,1,2513.0,2446.7647240612164,3417.0,3468.3475586014315,317.68771372943894,315.0,237.375,235.10258605087168,33.10436110303875,"[0, 1, -1, 3, 4, -1, 6, 7, 8, 9, -1, 11, 12, 13, -1, 15, 16, 17, -1, -1, 20, -1, 22, 23, -1, 25, -1, 27, -1, -1, 30, 31, 32, -1, 34, 35, 36, 37, -1, -1]",{}
27248,1777818635.434255,37234.870414995385,0,1,2850.0,2501.344572630762,3126.0,3428.74808302743,270.5962011645776,137.0,240.125,237.47501349289792,29.87223980406204,"[0, 1, -1, 3, 4, -1, 6, 7, 8, 9, -1, 11, 12, 13, -1, 15, 16, 17, -1, -1, 20, -1, 22, 23, -1, 25, -1, 27, -1, -1, 30, 31, 32, -1, 34, 35, 36, 37, -1, -1]",{}
27248,1777818635.5106268,37311.40006599617,0,1,2518.0,2504.1096538417846,3377.0,3428.04542264357,264.71611760088234,396.0,239.1875,238.4049736302886,27.581313449815177,"[0, 1, -1, 3, 4, -1, 6, 7, 8, 9, -1, 11, 12, 13, -1, 15, 16, 17, -1, -1, 20, -1, 22, 23, -1, 25, -1, 27, -1, -1, 30, 31, 32, -1, 34, 35, 36, 37, -1, -1]",{}
27248,1777818635.6526752,37454.60914699561,0,1,2537.0,2509.9270349554245,3439.0,3440.7396172484264,263.3231396422417,538.0,243.9375,241.65692361222423,40.46099715834705,"[0, 1, -1, 3, 4, -1, 6, 7, 8, 9, -1, 11, 12, 13, -1, 15, 16, 17, -1, -1, 20, -1, 22, 23, -1, 25, -1, 27, -1, -1, 30, 31, 32, -1, 34, 35, 36, 37, -1, -1]",{}
27248,1777818635.7836835,37584.60175199525,0,1,2549.0,2516.99748989494,3440.0,3450.79624006467,239.4547270831774,338.0,245.25,243.969506934833,46.228894943972534,"[0, 1, -1, 3, 4, -1, 6, 7, 8, 9, -1, 11, 12, 13, -1, 15, 16, 17, -1, -1, 20, -1, 22, 23, -1, 25, -1, 27, -1, -1, 30, 31, 32, -1, 34, 35, 36, 37, -1, -1]",{}
27248,1777818635.9096882,37710.851418995844,0,1,2684.0,2544.070875851534,3494.0,3467.075205711475,315.49424089731724,948.0,243.75,244.243859415549,49.36754409097424,"[0, 1, -1, 3, 4, -1, 6, 7, 8, 9, -1, 11, 12, 13, -1, 15, 16, 17, -1, -1, 20, -1, 22, 23, -1, 25, -1, 27, -1, -1, 30, 31, 32, -1, 34, 35, 36, 37, -1, -1]",{}
27248,1777818635.985156,37786.788334995435,0,1,2630.0,2558.2949468028987,3485.0,3475.6724787026305,388.0002594521261,921.0,240.75,242.83019288076144,37.87953618900579,"[0, 1, -1, 3, 4, -1, 6, 7, 8, 9, -1, 11, 12, 13, -1, 15, 16, 17, -1, -1, 20, -1, 22, 23, -1, 25, -1, 27, -1, -1, 30, 31, 32, -1, 34, 35, 36, 37, -1, -1]",{}
27248,1777818636.054877,37862.17784999553,0,1,2498.0,2551.6410767938855,3445.0,3476.95311261338,339.75186958232854,136.0,238.5625,241.11732450968213,31.109210116254875,"[0, 1, -1, 3, 4, -1, 6, 7, 8, 9, -1, 11, 12, 13, -1, 15, 16, 17, -1, -1, 20, -1, 22, 23, -1, 25, -1, 27, -1, -1, 30, 31, 32, -1, 34, 35, 36, 37, -1, -1]",{}
27248,1777818636.132295,37931.88515399652,0,1,2524.0,2549.6213803548453,3409.0,3473.715955502253,293.2371851979308,112.0,237.125,239.48320324545872,28.866866363538318,"[0, 1, -1, 3, 4, -1, 6, 7, 8, 9, -1, 11, 12, 13, -1, 15, 16, 17, -1, -1, 20, -1, 22, 23, -1, 25, -1, 27, -1, -1, 30, 31, 32, -1, 34, 35, 36, 37, -1, -1]",{}
27248,1777818636.2095037,38009.30625699584,0,1,2544.0,2550.514034915429,3385.0,3467.575823595962,244.273597733511,49.0,236.4375,238.22075567728777,27.03907235572509,"[0, 1, -1, 3, 4, -1, 6, 7, 8, 9, -1, 11, 12, 13, -1, 15, 16, 17, -1, -1, 20, -1, 22, 23, -1, 25, -1, 27, -1, -1, 30, 31, 32, -1, 34, 35, 36, 37, -1, -1]",{}
27248,1777818636.2868772,38088.86520499527,0,1,2519.0,2547.977584600969,3522.0,3480.1673760029835,246.20572661508416,389.0,234.25,236.49840168817758,25.64086147817133,"[0, 1, -1, 3, 4, -1, 6, 7, 8, 9, -1, 11, 12, 13, -1, 15, 16, 17, -1, -1, 20, -1, 22, 23, -1, 25, -1, 27, -1, -1, 30, 31, 32, -1, 34, 35, 36, 37, -1, -1]",{}
27248,1777818636.3644524,38163.882780995664,0,1,2522.0,2546.088857666378,3538.0,3493.3294802773894,272.19718124041674,573.0,232.3125,234.62577605260145,24.569430209628106,"[0, 1, -1, 3, 4, -1, 6, 7, 8, 9, -1, 11, 12, 13, -1, 15, 16, 17, -1, -1, 20, -1, 22, 23, -1, 25, -1, 27, -1, -1, 30, 31, 32, -1, 34, 35, 36, 37, -1, -1]",{}
27248,1777818636.454021,38258.18468899615,0,1,2515.0,2543.6110692086995,3558.0,3508.5355922662707,283.21917706395465,490.0,228.875,231.88553542748792,25.916397119478532,"[0, 1, -1, 3, 4, -1, 6, 7, 8, 9, -1, 11, 12, 13, -1, 15, 16, 17, -1, -1, 20, -1, 22, 23, -1, 25, -1, 27, -1, -1, 30, 31, 32, -1, 34, 35, 36, 37, -1, -1]",{}
27248,1777818636.5277476,38331.34026699645,0,1,2564.0,2547.428159163119,3578.0,3523.261548475799,324.2894283637966,707.0,226.4375,229.31989163502678,23.607223908047743,"[0, 1, -1, 3, 4, -1, 6, 7, 8, 9, -1, 11, 12, 13, -1, 15, 16, 17, -1, -1, 20, -1, 22, 23, -1, 25, -1, 27, -1, -1, 30, 31, 32, -1, 34, 35, 36, 37, -1, -1]",{}
27248,1777818636.6522017,38454.875781995725,0,1,2512.0,2544.7128688892253,3494.0,3529.341021928015,300.58971590457577,296.0,225.4375,227.07113837884498,31.960345707641288,"[0, 1, -1, 3, 4, -1, 6, 7, 8, 9, -1, 11, 12, 13, -1, 15, 16, 17, -1, -1, 20, -1, 22, 23, -1, 25, -1, 27, -1, -1, 30, 31, 32, -1, 34, 35, 36, 37, -1, -1]",{}
27248,1777818636.764058,38579.351523994774,0,1,2595.0,2553.419870262585,3559.0,3542.256888623998,341.1443598946612,717.0,225.25,225.8512085267892,34.80005289100359,"[0, 1, -1, 3, 4, -1, 6, 7, 8, 9, -1, 11, 12, 13, -1, 15, 16, 17, -1, -1, 20, -1, 22, 23, -1, 25, -1, 27, -1, -1, 30, 31, 32, -1, 34, 35, 36, 37, -1, -1]",{}
27248,1777818636.8951523,38707.593020993954,0,1,2528.0,2551.9695887040757,3476.0,3542.857112981043,327.7122601016687,369.0,225.125,225.12601788503818,41.957462771473004,"[0, 1, -1, 3, 4, -1, 6, 7, 8, 9, -1, 11, 12, 13, -1, 15, 16, 17, -1, -1, 20, -1, 22, 23, -1, 25, -1, 27, -1, -1, 30, 31, 32, -1, 34, 35, 36, 37, -1, -1]",{}
27248,1777818636.96621,38780.423177993725,0,1,2590.0,2558.4596442078837,3500.0,3542.1296411542603,396.1968215414955,880.0,225.1875,224.94736557128596,32.147186359713,"[0, 1, -1, 3, 4, -1, 6, 7, 8, 9, -1, 11, 12, 13, -1, 15, 16, 17, -1, -1, 20, -1, 22, 23, -1, 25, -1, 27, -1, -1, 30, 31, 32, -1, 34, 35, 36, 37, -1, -1]",{}
27248,1777818637.042227,38859.63259399432,0,1,2534.0,2556.4728798544334,3525.0,3545.279593437462,429.53334613179766,695.0,225.25,224.86263678535562,28.623593817718223,"[0, 1, -1, 3, 4, -1, 6, 7, 8, 9, -1, 11, 12, 13, -1, 15, 16, 17, -1, -1, 20, -1, 22, 23, -1, 25, -1, 27, -1, -1, 30, 31, 32, -1, 34, 35, 36, 37, -1, -1]",{}
27248,1777818637.1424887,38952.36625999405,0,1,2643.0,2570.1338253286135,3479.0,3543.2023775004486,503.00295070975625,1020.0,225.0,224.66274082013305,31.472397560481912,"[0, 1, -1, 3, 4, -1, 6, 7, 8, 9, -1, 11, 12, 13, -1, 15, 16, 17, -1, -1, 20, -1, 22, 23, -1, 25, -1, 27, -1, -1, 30, 31, 32, -1, 34, 35, 36, 37, -1, -1]",{}
27248,1777818637.2216225,39035.929013994064,0,1,2620.0,2578.5991301093227,3540.0,3548.074481275952,547.0948576840103,857.0,224.9375,224.5803842955642,28.324254029845257,"[0, 1, -1, 3, 4, -1, 6, 7, 8, 9, -1, 11, 12, 13, -1, 15, 16, 17, -1, -1, 20, -1, 22, 23, -1, 25, -1, 27, -1, -1, 30, 31, 32, -1, 34, 35, 36, 37, -1, -1]",{}
27248,1777818637.3205788,39131.72486799431,0,1,2596.0,2583.3497827582455,3461.0,3542.6830777508158,587.2433141451905,862.0,224.6875,224.39045512502864,30.580759069224055,"[0, 1, -1, 3, 4, -1, 6, 7, 8, 9, -1, 11, 12, 13, -1, 15, 16, 17, -1, -1, 20, -1, 22, 23, -1, 25, -1, 27, -1, -1, 30, 31, 32, -1, 34, 35, 36, 37, -1, -1]",{}
27248,1777818637.4182928,39230.708074993345,0,1,2554.0,2581.692968223457,3473.0,3539.02048727186,598.9667755355093,682.0,224.375,224.15488909958677,31.489641332222778,"[0, 1, -1, 3, 4, -1, 6, 7, 8, 9, -1, 11, 12, 13, -1, 15, 16, 17, -1, -1, 20, -1, 22, 23, -1, 25, -1, 27, -1, -1, 30, 31, 32, -1, 34, 35, 36, 37, -1, -1]",{}
27248,1777818637.5145035,39328.372555993155,0,1,2626.0,2590.0439287799586,3491.0,3537.831867492902,645.8917548781475,943.0,224.25,223.98353894585233,31.748907236794533,"[0, 1, -1, 3, 4, -1, 6, 7, 8, 9, -1, 11, 12, 13, -1, 15, 16, 17, -1, -1, 20, -1, 22, 23, -1, 25, -1, 27, -1, -1, 30, 31, 32, -1, 34, 35, 36, 37, -1, -1]",{}
27248,1777818637.6420898,39462.34717099378,0,1,2656.0,2602.7992148007875,3586.0,3551.6587493868783,678.6745436948091,863.0,224.0625,223.7686445690606,39.28763694853656,"[0, 1, -1, 3, 4, -1, 6, 7, 8, 9, -1, 11, 12, 13, -1, 15, 16, 17, -1, -1, 20, -1, 22, 23, -1, 25, -1, 27, -1, -1, 30, 31, 32, -1, 34, 35, 36, 37, -1, -1]",{}
27248,1777818637.7215097,39535.46299099344,0,1,2536.0,2595.644497418383,3536.0,3553.9065777552046,673.2996222543005,628.0,224.0,223.7108697791029,32.56400997441411,"[0, 1, -1, 3, 4, -1, 6, 7, 8, 9, -1, 11, 12, 13, -1, 15, 16, 17, -1, -1, 20, -1, 22, 23, -1, 25, -1, 27, -1, -1, 30, 31, 32, -1, 34, 35, 36, 37, -1, -1]",{}
27248,1777818637.817441,39631.57089699416,0,1,2575.0,2595.109406259508,3535.0,3556.5146530000843,688.0974952665324,765.0,223.75,223.5374359801116,32.97320058495646,"[0, 1, -1, 3, 4, -1, 6, 7, 8, 9, -1, 11, 12, 13, -1, 15, 16, 17, -1, -1, 20, -1, 22, 23, -1, 25, -1, 27, -1, -1, 30, 31, 32, -1, 34, 35, 36, 37, -1, -1]",{}
27248,1777818637.8916557,39710.80918099324,0,1,2757.0,2619.0264114019487,3326.0,3528.9474679092846,595.1533214354877,-4.0,223.625,223.42553971790477,28.33529255909445,"[0, 1, -1, 3, 4, -1, 6, 7, 8, 9, -1, 11, 12, 13, -1, 15, 16, 17, -1, -1, 20, -1, 22, 23, -1, 25, -1, 27, -1, -1, 30, 31, 32, -1, 34, 35, 36, 37, -1, -1]",{}
27248,1777818637.9952533,39803.302516993426,0,1,2603.0,2620.1315007441876,3503.0,3529.5866811774627,633.3990584412958,880.0,223.5625,223.29928602867238,31.805758412571933,"[0, 1, -1, 3, 4, -1, 6, 7, 8, 9, -1, 11, 12, 13, -1, 15, 16, 17, -1, -1, 20, -1, 22, 23, -1, 25, -1, 27, -1, -1, 30, 31, 32, -1, 34, 35, 36, 37, -1, -1]",{}
27248,1777818638.0852757,39888.820433993715,0,1,2654.0,2627.6136656585413,3473.0,3525.305393525526,674.7755203063973,931.0,223.5625,223.2627989736331,30.660700571301547,"[0, 1, -1, 3, 4, -1, 6, 7, 8, 9, -1, 11, 12, 13, -1, 15, 16, 17, -1, -1, 20, -1, 22, 23, -1, 25, -1, 27, -1, -1, 30, 31, 32, -1, 34, 35, 36, 37, -1, -1]",{}
27248,1777818638.1622627,39961.990032994436,0,1,2620.0,2629.117053637138,3461.0,3519.392941387441,703.9851078542995,880.0,223.375,223.17629534459343,27.35750783025174,"[0, 1, -1, 3, 4, -1, 6, 7, 8, 9, -1, 11, 12, 13, -1, 15, 16, 17, -1, -1, 20, -1, 22, 23, -1, 25, -1, 27, -1, -1, 30, 31, 32, -1, 34, 35, 36, 37, -1, -1]",{}
27248,1777818638.2376046,40039.46530299345,0,1,2608.0,2628.7629590355923,3501.0,3519.4130371298743,721.352474203858,818.0,223.25,223.07645308057604,25.15730024808018,"[0, 1, -1, 3, 4, -1, 6, 7, 8, 9, -1, 11, 12, 13, -1, 15, 16, 17, -1, -1, 20, -1, 22, 23, -1, 25, -1, 27, -1, -1, 30, 31, 32, -1, 34, 35, 36, 37, -1, -1]",{}
27248,1777818638.3164837,40114.30225199365,0,1,2606.0,2628.245191429158,3490.0,3518.049749767357,741.6906001533974,855.0,223.125,222.9636644082728,24.35946421989427,"[0, 1, -1, 3, 4, -1, 6, 7, 8, 9, -1, 11, 12, 13, -1, 15, 16, 17, -1, -1, 20, -1, 22, 23, -1, 25, -1, 27, -1, -1, 30, 31, 32, -1, 34, 35, 36, 37, -1, -1]",{}
27248,1777818638.410208,40210.68378299242,0,1,2649.0,2633.788577011908,3527.0,3522.0275346518843,760.3010152818125,852.0,223.625,223.12970716418624,26.397978276532108,"[0, 1, -1, 3, 4, -1, 6, 7, 8, 9, -1, 11, 12, 13, -1, 15, 16, 17, -1, -1, 20, -1, 22, 23, -1, 25, -1, 27, -1, -1, 30, 31, 32, -1, 34, 35, 36, 37, -1, -1]",{}
27248,1777818638.5511723,40357.65735999303,0,1,2527.0,2622.8818815520926,3554.0,3530.771546704565,712.0798571949244,374.0,223.5625,223.18735570673672,37.60395045978027,"[0, 1, -1, 3, 4, -1, 6, 7, 8, 9, -1, 11, 12, 13, -1, 15, 16, 17, -1, -1, 20, -1, 22, 23, -1, 25, -1, 27, -1, -1, 30, 31, 32, -1, 34, 35, 36, 37, -1, -1]",{}
27248,1777818638.6245124,40427.81584499244,0,1,2551.0,2614.7557273831508,3499.0,3528.6999103084822,709.9643506102425,683.0,223.5,223.24039102619443,29.77186067478006,"[0, 1, -1, 3, 4, -1, 6, 7, 8, 9, -1, 11, 12, 13, -1, 15, 16, 17, -1, -1, 20, -1, 22, 23, -1, 25, -1, 27, -1, -1, 30, 31, 32, -1, 34, 35, 36, 37, -1, -1]",{}
27248,1777818638.6988878,40501.13584799237,0,1,2549.0,2607.4265500536308,3529.0,3530.947494673387,699.2674349214535,617.0,223.5,223.2641195299117,26.40680295661087,"[0, 1, -1, 3, 4, -1, 6, 7, 8, 9, -1, 11, 12, 13, -1, 15, 16, 17, -1, -1, 20, -1, 22, 23, -1, 25, -1, 27, -1, -1, 30, 31, 32, -1, 34, 35, 36, 37, -1, -1]",{}
27248,1777818638.8300745,40625.650594992294,0,1,2659.0,2616.9222224782948,3546.0,3536.9294698164094,736.5257489562811,944.0,223.8125,223.4157138066035,36.28680874662569,"[0, 1, -1, 3, 4, -1, 6, 7, 8, 9, -1, 11, 12, 13, -1, 15, 16, 17, -1, -1, 20, -1, 22, 23, -1, 25, -1, 27, -1, -1, 30, 31, 32, -1, 34, 35, 36, 37, -1, -1]",{}
27248,1777818638.902661,40706.66760299264,0,1,2660.0,2624.2517637198857,3537.0,3539.120138601248,764.5367143766913,923.0,223.8125,223.52739032441983,29.201870144969096,"[0, 1, -1, 3, 4, -1, 6, 7, 8, 9, -1, 11, 12, 13, -1, 15, 16, 17, -1, -1, 20, -1, 22, 23, -1, 25, -1, 27, -1, -1, 30, 31, 32, -1, 34, 35, 36, 37, -1, -1]",{}
27248,1777818638.9770148,40779.24289399289,0,1,2615.0,2624.6250958627347,3484.0,3533.9577828497677,775.0280888871836,819.0,223.75,223.5564723195987,26.15351850796778,"[0, 1, -1, 3, 4, -1, 6, 7, 8, 9, -1, 11, 12, 13, -1, 15, 16, 17, -1, -1, 20, -1, 22, 23, -1, 25, -1, 27, -1, -1, 30, 31, 32, -1, 34, 35, 36, 37, -1, -1]",{}
27248,1777818639.0539613,40853.590551993875,0,1,2597.0,2622.609278303184,3535.0,3536.173705281346,784.2116318975408,818.0,223.75,223.5738586888183,24.762998630749518,"[0, 1, -1, 3, 4, -1, 6, 7, 8, 9, -1, 11, 12, 13, -1, 15, 16, 17, -1, -1, 20, -1, 22, 23, -1, 25, -1, 27, -1, -1, 30, 31, 32, -1, 34, 35, 36, 37, -1, -1]",{}
27248,1777818639.128101,40930.55477199414,0,1,2699.0,2633.9724173699287,3513.0,3535.171503950268,818.5909131057533,1022.0,223.75,223.588402862537,23.201024084987566,"[0, 1, -1, 3, 4, -1, 6, 7, 8, 9, -1, 11, 12, 13, -1, 15, 16, 17, -1, -1, 20, -1, 22, 23, -1, 25, -1, 27, -1, -1, 30, 31, 32, -1, 34, 35, 36, 37, -1, -1]",{}
27248,1777818639.203583,41004.66100799531,0,1,2624.0,2634.477277912631,3506.0,3533.377859639763,832.7875584167656,894.0,223.75,223.59896263985812,22.32669159868646,"[0, 1, -1, 3, 4, -1, 6, 7, 8, 9, -1, 11, 12, 13, -1, 15, 16, 17, -1, -1, 20, -1, 22, 23, -1, 25, -1, 27, -1, -1, 30, 31, 32, -1, 34, 35, 36, 37, -1, -1]",{}
27248,1777818639.2793813,41080.142763995354,0,1,2643.0,2637.302955816745,3499.0,3530.8475033177556,859.0891697837649,1002.0,223.75,223.60803292945567,21.669674978126384,"[0, 1, -1, 3, 4, -1, 6, 7, 8, 9, -1, 11, 12, 13, -1, 15, 16, 17, -1, -1, 20, -1, 22, 23, -1, 25, -1, 27, -1, -1, 30, 31, 32, -1, 34, 35, 36, 37, -1, -1]",{}
27248,1777818639.359195,41155.99257199574,0,1,2621.0,2637.1042962260376,3508.0,3529.733555278513,858.900577826951,812.0,223.75,223.61479531817645,21.789077998174932,"[0, 1, -1, 3, 4, -1, 6, 7, 8, 9, -1, 11, 12, 13, -1, 15, 16, 17, -1, -1, 20, -1, 22, 23, -1, 25, -1, 27, -1, -1, 30, 31, 32, -1, 34, 35, 36, 37, -1, -1]",{}
27248,1777818639.4301984,41235.75625999547,0,1,2654.0,2640.8070212324783,3487.0,3525.895115673573,897.9230624610002,1132.0,223.75,223.625124446746,20.301370071438363,"[0, 1, -1, 3, 4, -1, 6, 7, 8, 9, -1, 11, 12, 13, -1, 15, 16, 17, -1, -1, 20, -1, 22, 23, -1, 25, -1, 27, -1, -1, 30, 31, 32, -1, 34, 35, 36, 37, -1, -1]",{}
27248,1777818639.5071023,41306.750715995804,0,1,2636.0,2641.9961443303227,3509.0,3525.237901583654,908.5707667420421,932.0,223.75,223.6306572218239,20.30266737034306,"[0, 1, -1, 3, 4, -1, 6, 7, 8, 9, -1, 11, 12, 13, -1, 15, 16, 17, -1, -1, 20, -1, 22, 23, -1, 25, -1, 27, -1, -1, 30, 31, 32, -1, 34, 35, 36, 37, -1, -1]",{}
27248,1777818639.646268,41450.40148199678,0,1,2611.0,2640.946056388328,3529.0,3528.197929901376,903.8913829594258,788.0,223.75,223.6212905281265,31.380857130899486,"[0, 1, -1, 3, 4, -1, 6, 7, 8, 9, -1, 11, 12, 13, -1, 15, 16, 17, -1, -1, 20, -1, 22, 23, -1, 25, -1, 27, -1, -1, 30, 31, 32, -1, 34, 35, 36, 37, -1, -1]",{}
27248,1777818639.7373965,41539.85589399781,0,1,2650.0,2644.0606455575316,3522.0,3528.9664863632297,908.4190888665479,886.0,223.75,223.63774268763123,29.301999069297413,"[0, 1, -1, 3, 4, -1, 6, 7, 8, 9, -1, 11, 12, 13, -1, 15, 16, 17, -1, -1, 20, -1, 22, 23, -1, 25, -1, 27, -1, -1, 30, 31, 32, -1, 34, 35, 36, 37, -1, -1]",{}
27248,1777818639.8061864,41613.88201899808,0,1,2633.0,2644.0605791361186,3495.0,3525.6826168811626,919.3339157013563,952.0,223.75,223.65239766189723,24.453339912590337,"[0, 1, -1, 3, 4, -1, 6, 7, 8, 9, -1, 11, 12, 13, -1, 15, 16, 17, -1, -1, 20, -1, 22, 23, -1, 25, -1, 27, -1, -1, 30, 31, 32, -1, 34, 35, 36, 37, -1, -1]",{}
27248,1777818639.8807974,41682.65664899809,0,1,2661.0,2647.7892013874316,3500.0,3523.5064279489516,926.2334577222932,928.0,223.75,223.6585863600489,22.988001563040193,"[0, 1, -1, 3, 4, -1, 6, 7, 8, 9, -1, 11, 12, 13, -1, 15, 16, 17, -1, -1, 20, -1, 22, 23, -1, 25, -1, 27, -1, -1, 30, 31, 32, -1, 34, 35, 36, 37, -1, -1]",{}
27248,1777818640.005407,41807.39587399694,0,1,2622.0,2646.8921270273513,3531.0,3526.2666659376005,921.1163519605038,819.0,223.75,223.65363898818524,31.422826440709365,"[0, 1, -1, 3, 4, -1, 6, 7, 8, 9, -1, 11, 12, 13, -1, 15, 16, 17, -1, -1, 20, -1, 22, 23, -1, 25, -1, 27, -1, -1, 30, 31, 32, -1, 34, 35, 36, 37, -1, -1]",{}
27248,1777818641.9308326,43684.994351996465,0,1,2623.0,2657.1367583262786,3514.0,3536.215887178287,970.6783909604135,861.0,223.75,223.6761197581292,20069.89354072618,"[0, 1, -1, 3, -1, -1, -1, 7, 8, -1, -1, -1, 12, 13, 14, -1, -1, 17, -1, 19, 20, 21, 22, 23, -1, 25, 26, 27, 28, 29, -1, -1, 32, 33, 34, 35, 36, 37, -1, 39]",{}
27248,1777818642.0386186,43856.89203199672,0,1,2735.0,2685.287628512935,3347.0,3470.806955582031,645.4917987950569,30.0,223.75,223.706453159498,4161.7410533199445,"[0, 1, -1, 3, -1, -1, -1, 7, 8, -1, -1, -1, 12, 13, 14, -1, -1, 17, -1, 19, 20, 21, 22, 23, -1, 25, 26, 27, 28, 29, -1, -1, 32, 33, 34, 35, 36, 37, -1, 39]",{}
27248,1777818642.167758,43981.358611997166,0,1,2638.0,2673.946770254843,3524.0,3484.9351920271893,727.267160208107,951.0,223.75,223.7145625062898,1812.3667640658693,"[0, 1, -1, 3, -1, -1, -1, 7, 8, -1, -1, -1, 12, 13, 14, -1, -1, 17, -1, 19, 20, 21, 22, 23, -1, 25, 26, 27, 28, 29, -1, -1, 32, 33, 34, 35, 36, 37, -1, 39]",{}
27248,1777818642.2969048,44110.661453994,0,1,2660.0,2672.208038937713,3526.0,3494.463446792621,776.5696680933644,938.0,223.75,223.71988241763765,1014.1310263377432,"[0, 1, -1, 3, -1, -1, -1, 7, 8, -1, -1, -1, 12, 13, 14, -1, -1, 17, -1, 19, 20, 21, 22, 23, -1, 25, 26, 27, 28, 29, -1, -1, 32, 33, 34, 35, 36, 37, -1, 39]",{}
27248,1777818642.3780046,44189.65879999541,0,1,2649.0,2668.3441786593366,3510.0,3497.6592141557403,808.4342359023223,929.0,223.75,223.7257681322682,534.7833398393756,"[0, 1, -1, 3, -1, -1, -1, 7, 8, -1, -1, -1, 12, 13, 14, -1, -1, 17, -1, 19, 20, 21, 22, 23, -1, 25, 26, 27, 28, 29, -1, -1, 32, 33, 34, 35, 36, 37, -1, 39]",{}
27248,1777818642.4907587,44304.213809997236,0,1,2653.0,2666.623044996874,3522.0,3502.383774555194,813.2239424033879,828.0,223.75,223.7275741178799,394.77608785717706,"[0, 1, -1, 3, -1, -1, -1, 7, 8, -1, -1, -1, 12, 13, 14, -1, -1, 17, -1, 19, 20, 21, 22, 23, -1, 25, 26, 27, 28, 29, -1, -1, 32, 33, 34, 35, 36, 37, -1, 39]",{}
27248,1777818642.5720704,44384.80597299895,0,1,2660.0,2666.2847425536324,3511.0,3504.043197636975,839.3928788284286,957.0,223.75,223.7308971234519,257.2612191775776,"[0, 1, -1, 3, -1, -1, -1, 7, 8, -1, -1, -1, 12, 13, 14, -1, -1, 17, -1, 19, 20, 21, 22, 23, -1, 25, 26, 27, 28, 29, -1, -1, 32, 33, 34, 35, 36, 37, -1, 39]",{}
27248,1777818642.6684394,44481.35876399829,0,1,2670.0,2667.8555702178865,3530.0,3508.5985125143043,849.8256859477873,891.0,223.75,223.7322977809842,203.41608709896659,"[0, 1, -1, 3, -1, -1, -1, 7, 8, -1, -1, -1, 12, 13, 14, -1, -1, 17, -1, 19, 20, 21, 22, 23, -1, 25, 26, 27, 28, 29, -1, -1, 32, 33, 34, 35, 36, 37, -1, 39]",{}
27248,1777818642.7503557,44561.0731939978,0,1,2652.0,2666.1777003685725,3530.0,3512.2921900368065,864.7657348896996,933.0,223.75,223.73423787727702,152.4350378882062,"[0, 1, -1, 3, -1, -1, -1, 7, 8, -1, -1, -1, 12, 13, 14, -1, -1, 17, -1, 19, 20, 21, 22, 23, -1, 25, 26, 27, 28, 29, -1, -1, 32, 33, 34, 35, 36, 37, -1, 39]",{}
27248,1777818642.847051,44659.66609199859,0,1,2665.0,2666.8837678457844,3539.0,3516.8987092586285,874.1701117906304,909.0,223.75,223.73509851288213,132.87494369597354,"[0, 1, -1, 3, -1, -1, -1, 7, 8, -1, -1, -1, 12, 13, 14, -1, -1, 17, -1, 19, 20, 21, 22, 23, -1, 25, 26, 27, 28, 29, -1, -1, 32, 33, 34, 35, 36, 37, -1, 39]",{}
27248,1777818642.946677,44756.36421499894,0,1,2640.0,2663.69542832626,3521.0,3518.179694358827,886.7942889591798,938.0,223.75,223.73610901624264,117.92670428047197,"[0, 1, -1, 3, -1, -1, -1, 7, 8, -1, -1, -1, 12, 13, 14, -1, -1, 17, -1, 19, 20, 21, 22, 23, -1, 25, 26, 27, 28, 29, -1, -1, 32, 33, 34, 35, 36, 37, -1, 39]",{}
27248,1777818643.0421379,44856.00356399755,0,1,2643.0,2661.295660448738,3488.0,3514.29952706932,888.0161534063704,874.0,223.75,223.7372788981694,102.72938158662537,"[0, 1, -1, 3, -1, -1, -1, 7, 8, -1, -1, -1, 12, 13, 14, -1, -1, 17, -1, 19, 20, 21, 22, 23, -1, 25, 26, 27, 28, 29, -1, -1, 32, 33, 34, 35, 36, 37, -1, 39]",{}
27248,1777818643.1724129,44984.80374599512,0,1,2627.0,2656.7490491678927,3541.0,3519.089748808154,887.9442600793136,861.0,223.75,223.73754932074615,111.53670007404241,"[0, 1, -1, 3, -1, -1, -1, 7, 8, -1, -1, -1, 12, 13, 14, -1, -1, 17, -1, 19, 20, 21, 22, 23, -1, 25, 26, 27, 28, 29, -1, -1, 32, 33, 34, 35, 36, 37, -1, 39]",{}
27248,1777818643.3021889,45115.067462994375,0,1,2670.0,2659.3595174415173,3514.0,3519.1208274572477,909.389512571516,998.0,223.75,223.73855236645417,112.0292824076596,"[0, 1, -1, 3, -1, -1, -1, 7, 8, -1, -1, -1, 12, 13, 14, -1, -1, 17, -1, 19, 20, 21, 22, 23, -1, 25, 26, 27, 28, 29, -1, -1, 32, 33, 34, 35, 36, 37, -1, 39]",{}
27248,1777818643.36529,45178.036457994494,0,1,2645.0,2657.4956117238885,3525.0,3520.394706107902,914.9670112630158,931.0,223.75,223.7408064934905,74.4779704178882,"[0, 1, -1, 3, -1, -1, -1, 7, 8, -1, -1, -1, 12, 13, 14, -1, -1, 17, -1, 19, 20, 21, 22, 23, -1, 25, 26, 27, 28, 29, -1, -1, 32, 33, 34, 35, 36, 37, -1, 39]",{}
27248,1777818643.4230943,45241.1310629941,0,1,2649.0,2656.5095912657434,3539.0,3523.412677387521,933.3536485047687,1029.0,223.75,223.74192170549318,55.00706521205474,"[0, 1, -1, 3, -1, -1, -1, 7, 8, -1, -1, -1, 12, 13, 14, -1, -1, 17, -1, 19, 20, 21, 22, 23, -1, 25, 26, 27, 28, 29, -1, -1, 32, 33, 34, 35, 36, 37, -1, 39]",{}
27248,1777818643.5018644,45315.641646993754,0,1,2640.0,2654.469854619874,3500.0,3520.764570372612,927.7006777237234,867.0,223.75,223.74203582903567,51.624173727406294,"[0, 1, -1, 3, -1, -1, -1, 7, 8, -1, -1, -1, 12, 13, 14, -1, -1, 17, -1, 19, 20, 21, 22, 23, -1, 25, 26, 27, 28, 29, -1, -1, 32, 33, 34, 35, 36, 37, -1, 39]",{}
27248,1777818643.5652199,45377.70692999311,0,1,2669.0,2656.56006722489,3511.0,3519.8556399161725,940.9500160368748,1007.0,223.75,223.74271728655506,42.52196783810078,"[0, 1, -1, 3, -1, -1, -1, 7, 8, -1, -1, -1, 12, 13, 14, -1, -1, 17, -1, 19, 20, 21, 22, 23, -1, 25, 26, 27, 28, 29, -1, -1, 32, 33, 34, 35, 36, 37, -1, 39]",{}
27248,1777818643.677849,45491.180840992456,0,1,2663.0,2657.8048174145215,3509.0,3518.980691020234,944.5540433442955,930.0,223.75,223.74226148726962,52.036835329316446,"[0, 1, -1, 3, -1, -1, -1, 7, 8, -1, -1, -1, 12, 13, 14, -1, -1, 17, -1, 19, 20, 21, 22, 23, -1, 25, 26, 27, 28, 29, -1, -1, 32, 33, 34, 35, 36, 37, -1, 39]",{}
27248,1777818643.7424533,45553.66711999159,0,1,2669.0,2659.5355326044905,3519.0,3519.306304363232,944.0074112579937,919.0,223.75,223.7433518313857,40.62461644521406,"[0, 1, -1, 3, -1, -1, -1, 7, 8, -1, -1, -1, 12, 13, 14, -1, -1, 17, -1, 19, 20, 21, 22, 23, -1, 25, 26, 27, 28, 29, -1, -1, 32, 33, 34, 35, 36, 37, -1, 39]",{}
27248,1777818643.8385663,45651.69015599167,0,1,2660.0,2659.9927180727695,3529.0,3521.1096212664893,943.8965867261626,913.0,223.75,223.74338292083405,43.414671518759704,"[0, 1, -1, 3, -1, -1, -1, 7, 8, -1, -1, -1, 12, 13, 14, -1, -1, 17, -1, 19, 20, 21, 22, 23, -1, 25, 26, 27, 28, 29, -1, -1, 32, 33, 34, 35, 36, 37, -1, 39]",{}
27248,1777818643.951117,45764.4738729914,0,1,2659.0,2660.310362141532,3513.0,3520.576770638498,946.2131469015333,928.0,223.75,223.74351200185245,48.994533027747096,"[0, 1, -1, 3, -1, -1, -1, 7, 8, -1, -1, -1, 12, 13, 14, -1, -1, 17, -1, 19, 20, 21, 22, 23, -1, 25, 26, 27, 28, 29, -1, -1, 32, 33, 34, 35, 36, 37, -1, 39]",{}
27248,1777818644.014203,45826.91522799087,0,1,2667.0,2661.473647103459,3458.0,3512.3723342738367,945.4131060027157,922.0,223.75,223.74454083556128,37.134618725206806,"[0, 1, -1, 3, -1, -1, -1, 7, 8, -1, -1, -1, 12, 13, 14, -1, -1, 17, -1, 19, 20, 21, 22, 23, -1, 25, 26, 27, 28, 29, -1, -1, 32, 33, 34, 35, 36, 37, -1, 39]",{}
27248,1777818644.1769412,45990.18967799293,0,1,2537.0,2643.375291041164,3519.0,3513.5734729744518,895.0872891603319,572.0,223.75,223.74393538810725,60.47548898296102,"[0, 1, -1, 3, -1, -1, -1, 7, 8, -1, -1, -1, 12, 13, 14, -1, -1, 17, -1, 19, 20, 21, 22, 23, -1, 25, 26, 27, 28, 29, -1, -1, 32, 33, 34, 35, 36, 37, -1, 39]",{}
27248,1777818644.2913601,46102.79537799397,0,1,2652.0,2644.2803988405863,3524.0,3515.3599945939213,900.8635220344422,923.0,223.75,223.7446891074572,58.205829265001086,"[0, 1, -1, 3, -1, -1, -1, 7, 8, -1, -1, -1, 12, 13, 14, -1, -1, 17, -1, 19, 20, 21, 22, 23, -1, 25, 26, 27, 28, 29, -1, -1, 32, 33, 34, 35, 36, 37, -1, 39]",{}
27248,1777818644.3707197,46183.834312993895,0,1,2624.0,2641.027602652343,3524.0,3516.8235841955902,893.3098890911357,842.0,223.75,223.74548431079788,46.189329489654604,"[0, 1, -1, 3, -1, -1, -1, 7, 8, -1, -1, -1, 12, 13, 14, -1, -1, 17, -1, 19, 20, 21, 22, 23, -1, 25, 26, 27, 28, 29, -1, -1, 32, 33, 34, 35, 36, 37, -1, 39]",{}
27248,1777818644.4501905,46263.19135899303,0,1,2558.0,2628.707692892095,3557.0,3522.8429430317374,862.7102988352244,675.0,223.75,223.74588320161024,40.16965131810731,"[0, 1, -1, 3, -1, -1, -1, 7, 8, -1, -1, -1, 12, 13, 14, -1, -1, 17, -1, 19, 20, 21, 22, 23, -1, 25, 26, 27, 28, 29, -1, -1, 32, 33, 34, 35, 36, 37, -1, 39]",{}
27248,1777818644.5468993,46359.356987991305,0,1,2622.0,2626.839250933793,3514.0,3522.0730516877484,873.0860493278844,936.0,223.75,223.7460020996021,40.991315427953076,"[0, 1, -1, 3, -1, -1, -1, 7, 8, -1, -1, -1, 12, 13, 14, -1, -1, 17, -1, 19, 20, 21, 22, 23, -1, 25, 26, 27, 28, 29, -1, -1, 32, 33, 34, 35, 36, 37, -1, 39]",{}
27248,1777818644.691887,46490.92002499219,0,1,2641.0,2627.6306336781145,3526.0,3523.3454965288356,883.8576602841296,941.0,223.75,223.74590701682175,55.098617839371315,"[0, 1, -1, 3, -1, -1, -1, 7, 8, -1, -1, -1, 12, 13, 14, -1, -1, 17, -1, 19, 20, 21, 22, 23, -1, 25, 26, 27, 28, 29, -1, -1, 32, 33, 34, 35, 36, 37, -1, 39]",{}
27248,1777818644.781301,46584.36189099302,0,1,2621.0,2625.8662630519384,3542.0,3526.5784968798334,879.510836531128,851.0,223.75,223.74651637282057,45.90377962068116,"[0, 1, -1, 3, -1, -1, -1, 7, 8, -1, -1, -1, 12, 13, 14, -1, -1, 17, -1, 19, 20, 21, 22, 23, -1, 25, 26, 27, 28, 29, -1, -1, 32, 33, 34, 35, 36, 37, -1, 39]",{}
27248,1777818644.8499637,46657.068161993266,0,1,2621.0,2624.5493193040525,3502.0,3523.4646738610854,909.434197831034,1086.0,223.75,223.74698345983347,35.919400049605,"[0, 1, -1, 3, -1, -1, -1, 7, 8, -1, -1, -1, 12, 13, 14, -1, -1, 17, -1, 19, 20, 21, 22, 23, -1, 25, 26, 27, 28, 29, -1, -1, 32, 33, 34, 35, 36, 37, -1, 39]",{}
27248,1777818644.956025,46759.21561399173,0,1,2642.0,2626.101842472042,3504.0,3521.1180031808994,924.6251528557987,1002.0,223.75,223.7469631904241,39.944853543464106,"[0, 1, -1, 3, -1, -1, -1, 7, 8, -1, -1, -1, 12, 13, 14, -1, -1, 17, -1, 19, 20, 21, 22, 23, -1, 25, 26, 27, 28, 29, -1, -1, 32, 33, 34, 35, 36, 37, -1, 39]",{}
27248,1777818645.0283356,46831.764516990916,0,1,2618.0,2624.374299784135,3532.0,3522.884706661917,925.0088206456707,916.0,223.75,223.74732712045113,32.94288558437508,"[0, 1, -1, 3, -1, -1, -1, 7, 8, -1, -1, -1, 12, 13, 14, -1, -1, 17, -1, 19, 20, 21, 22, 23, -1, 25, 26, 27, 28, 29, -1, -1, 32, 33, 34, 35, 36, 37, -1, 39]",{}
27248,1777818645.1892872,46987.60297599256,0,1,2666.0,2629.3703337307334,3507.0,3521.0839043532733,934.8232007028463,967.0,223.75,223.74707844905473,52.206595246165016,"[0, 1, -1, 3, -1, -1, -1, 7, 8, -1, -1, -1, 12, 13, 14, -1, -1, 17, -1, 19, 20, 21, 22, 23, -1, 25, 26, 27, 28, 29, -1, -1, 32, 33, 34, 35, 36, 37, -1, 39]",{}
27248,1777818645.3126836,47115.07322999296,0,1,2648.0,2631.55186803742,3481.0,3515.192580843339,939.4424943482765,946.0,223.75,223.74740383344647,53.186718956507306,"[0, 1, -1, 3, -1, -1, -1, 7, 8, -1, -1, -1, 12, 13, 14, -1, -1, 17, -1, 19, 20, 21, 22, 23, -1, 25, 26, 27, 28, 29, -1, -1, 32, 33, 34, 35, 36, 37, -1, 39]",{}
27248,1777818645.381372,47188.34418199367,0,1,2652.0,2634.2475896981364,3501.0,3513.12528467911,965.829051805712,1107.0,223.75,223.74787126619663,38.631040824470006,"[0, 1, -1, 3, -1, -1, -1, 7, 8, -1, -1, -1, 12, 13, 14, -1, -1, 17, -1, 19, 20, 21, 22, 23, -1, 25, 26, 27, 28, 29, -1, -1, 32, 33, 34, 35, 36, 37, -1, 39]",{}
tag_id,timestamp,synchronized_clock,offset,update_type,coords_pos_x,ekf_pos_x,coords_pos_y,ekf_pos_y,ekf_pos_z,coords_pos_z,raw_yaw,ekf_yaw,ekf_covariance_matrix,slots,two_hop_neighbors
